-- phpMyAdmin SQL Dump
-- version 4.4.15.8
-- https://www.phpmyadmin.net
--
-- Host: localhost:3306
-- Generation Time: 2017-08-10 11:42:28
-- 服务器版本： 5.6.37
-- PHP Version: 5.3.29

SET SQL_MODE = "NO_AUTO_VALUE_ON_ZERO";
SET time_zone = "+00:00";


/*!40101 SET @OLD_CHARACTER_SET_CLIENT=@@CHARACTER_SET_CLIENT */;
/*!40101 SET @OLD_CHARACTER_SET_RESULTS=@@CHARACTER_SET_RESULTS */;
/*!40101 SET @OLD_COLLATION_CONNECTION=@@COLLATION_CONNECTION */;
/*!40101 SET NAMES utf8mb4 */;

--
-- Database: `admin`
--

-- --------------------------------------------------------

--
-- 表的结构 `sd_file`
--

CREATE TABLE IF NOT EXISTS `sd_file` (
  `id` int(11) NOT NULL,
  `ming` text CHARACTER SET utf8 NOT NULL,
  `key1` text CHARACTER SET utf8 NOT NULL,
  `uploadip` text CHARACTER SET utf8,
  `uploadtime` text CHARACTER SET utf8,
  `cishuo` text CHARACTER SET utf8 NOT NULL,
  `upuser` text CHARACTER SET utf8 NOT NULL,
  `policyid` int(11) NOT NULL
) ENGINE=MyISAM AUTO_INCREMENT=665 DEFAULT CHARSET=utf8 COLLATE=utf8_bin;

--
-- 转存表中的数据 `sd_file`
--

INSERT INTO `sd_file` (`id`, `ming`, `key1`, `uploadip`, `uploadtime`, `cishuo`, `upuser`, `policyid`) VALUES
(1, 'f_65337328.jpg', '283535f9ce8d1a60b9dc53faa46914ec', '123.162.21.41', '2016-07-22 13:09:50', '1', '', 1),
(2, 'o_1ao8h40rb11h6834pv01qp8nhha.png', 'fc5328f778f9564914368603ba5d287c', '123.162.21.41', '2016-07-22 13:26:49', '1', '', 2),
(3, 'o_1ao8hemqs1bm31ta217jg1tsopaka.png', 'e6ba30621b8b3c81c2b5fecc026b3c17', '123.162.21.41', '2016-07-22 13:32:39', '1', '', 2),
(4, 'o_1ao8i96a74u4joiccp10fc1brqa.png', '3289530c49901b960f7252e188f879a8', '123.162.21.41', '2016-07-22 13:47:07', '0', '', 2),
(5, 'o_1ao8ibmhhaerinae0f12rr1plja.png', '8140c8ab86d6ef56c6933850cc3b7a80', '123.162.21.41', '2016-07-22 13:48:29', '0', '', 2),
(6, 'o_1ao8icrks1dtm1us9umrp81d1ua.gif', '5f70bc037bbbaf0c6f19ef4a127f3b61', '123.162.21.41', '2016-07-22 13:49:07', '0', '', 2),
(7, 'o_1ao8id5bq1bho11o91shp5gh1aj0a.png', '533604334aa3ac0fbf639eb869fede99', '123.162.21.41', '2016-07-22 13:49:17', '0', '', 2),
(8, 'o_1ao8in4eqva64cc1t4u16p42pia.png', '5cd366a415a92d5af3940658aa4ed7d9', '123.162.21.41', '2016-07-22 13:54:44', '0', '', 2),
(9, 'o_1aof4ts9m116m242m37ro71dqja.jpg', 'ce0d2d9971a729356d35ac744941e63e', '1.196.96.37', '2016-07-25 03:08:28', '0', '', 2),
(10, 'o_1aof5dnb313qu1bgs1pf68p7ijga.jpg', 'f0de0d132e9465aa3974099fa30e8aa4', '1.196.96.37', '2016-07-25 03:17:06', '0', '', 2),
(11, 'o_1aof5ldhijumfda483ci1oksa.png', '36752ba32423225a18551a3a8a927d30', '1.196.96.37', '2016-07-25 03:21:23', '0', '', 2),
(12, 'o_1aohe4s5k4p02ni1p9u1fgjot8a.jpg', 'd15af86c01ba88c2cc1259b6c5fdc225', '123.162.53.105', '2016-07-26 00:28:05', '0', '', 2),
(13, 'o_1aohel7kmkgg1o9831h1o7v1caqa.png', '6cb7ac3cd0d11bf66c3ef30f254e0290', '123.162.53.105', '2016-07-26 00:37:02', '0', '', 2),
(14, 'o_1aohfublt175f18ea1qv61cu35oua.png', '5ae55f79019bfe48bb24446584586d8b', '123.162.53.105', '2016-07-26 00:59:29', '0', '', 2),
(15, 'o_1aohg0sm7rsm70o1g821i831b6ga.jpg', 'd00dee1addf4057e9500ce1a805825d9', '123.162.53.105', '2016-07-26 01:00:51', '0', '', 2),
(16, 'o_1aoiv32d110tldle7l71vc5giha.gif', '5c405d4e7233ca1161c2770a4ebd0237', '113.223.177.47', '2016-07-26 14:43:53', '0', '', 2),
(17, 'o_1aopu72sfmmm1a6ild619hj1ef7a.jpg', '95ea8be98126100fee3ced7ab19dd776', '171.14.18.238', '2016-07-29 07:42:50', '0', '', 2),
(18, 'o_1aopua9mcdld2vaacnb19eofa.gif', 'c8f9279b876404d653c59864685f0115', '171.14.18.238', '2016-07-29 07:44:35', '0', '', 2),
(19, 'o_1aopvtqldtn2eqa77e1m811kmha.jpg', 'fe44adb54234914b66306564f11d2a8f', '171.14.18.238', '2016-07-29 08:12:44', '0', '', 2),
(20, 'o_1aoq35gut159jl9t1fdf1e8i1r2oa.gif', 'f13308c4016be6169c5eed00a0b74afb', '171.14.18.238', '2016-07-29 09:09:22', '0', '', 2),
(21, 'o_1aoq3q83tmqm1sd1pdm1g5k12noa.gif', '685afbe407f8a4da49e63645f8775ff7', '171.14.18.238', '2016-07-29 09:20:41', '0', '', 2),
(22, 'o_1aoq7pvh4137a1a2i1pfvie146aa.gif', 'e2e35dfc51e015994714ecac9d967806', '171.14.18.238', '2016-07-29 10:30:26', '0', '', 2),
(23, 'o_1aottouuo1unpmgh17ip1fri1o7pa.gif', '5719c3ddd0f6fcfcad6c97538f373924', '171.14.18.238', '2016-07-30 20:52:07', '0', '', 2),
(24, 'o_1aov2m166jnfug51oes1747qh5a.gif', '4587617f9bdec6fab670fc7dc85718c3', '171.14.18.238', '2016-07-31 07:37:09', '0', '', 2),
(25, 'o_1ap15rhnjmg5jrj1bhe10cun1sa.gif', 'ac2facccf61bdf383771572481dc8bc5', '1.196.67.253', '2016-08-01 03:11:06', '0', '', 2),
(26, 'o_1ap1nthaj1ht6u47cat1h8uen6a.png', 'b16765dba656f9faac1544d37085e9fe', '61.158.171.105', '2016-08-01 08:26:37', '0', '', 2),
(27, 'o_1ap41v9dc9fj1sjok3e1pfo1v8ta.png', '2a32e41e9f9a5bcbafed5a03b697b6f5', '171.14.23.81', '2016-08-02 06:01:02', '0', '', 2),
(28, 'o_1ap49ud0n1spg8uk18001ieq1igta.jpg', '5ea51edaec3369aa474e2a841809fa1b', '117.92.157.173', '2016-08-02 08:20:01', '0', '', 2),
(29, 'o_1ap674p1b14gtavmjv712qp14l6a.jpg', '5bcd873df4be21916767dd2fa404157a', '171.14.23.81', '2016-08-03 02:09:51', '0', '', 2),
(30, 'o_1ap67amjdojc61mhi71qcpi8ja.jpg', '614c617a4a03b8deb5636298d11a2f68', '171.14.23.81', '2016-08-03 02:13:06', '0', '', 2),
(31, 'o_1ap67l1fk1j8sfn0v5ee0g169da.jpg', '5929298c46fbf8999160d146c3e1ed57', '171.14.23.81', '2016-08-03 02:18:43', '0', '', 2),
(32, 'o_1ap6adjp818f4h0s64i13bo1plva.png', '504609370f254cddea27dee8bf205d05', '171.14.23.81', '2016-08-03 03:07:05', '0', '', 2),
(33, 'o_1ap6ael4pj2irf012pvbacp7na.png', '249dc020aa1b8a30808b8229621a4f05', '171.14.23.81', '2016-08-03 03:07:40', '0', '', 2),
(34, 'o_1ap6akdvg1uqi1ohsaap17n9jvca.png', 'f685340a3c1d45e0aba23195bf649701', '171.14.23.81', '2016-08-03 03:10:49', '0', '', 2),
(35, 'o_1ap6b1osqoq8vih1jkban7643a.png', 'f0fe35654170eb58703b6b665309d24c', '171.14.23.81', '2016-08-03 03:18:06', '0', '', 2),
(36, 'o_1ap6b21bm7ak1c1g8ov1gea1k73a.png', '280b42bd659d224868369d0bab6cedda', '171.14.23.81', '2016-08-03 03:18:15', '0', '', 2),
(37, 'o_1ap6bdjci1esjheu1r7u18m9rvva.jpg', '3759737b82c4c990b7a8b5a5820c67d4', '171.14.23.81', '2016-08-03 03:24:33', '0', '', 2),
(38, 'o_1ap6bk6of1ja31p8ovpl1b1qhioa.jpg', '0aba80d4a8af728586f8c7160ac435b4', '171.14.23.81', '2016-08-03 03:28:09', '0', '', 2),
(39, 'o_1ap6ccgt7eqk1acl1b2nj3m154ba.png', '1a5feddf6e9e53e70685419a60ce4171', '171.14.23.81', '2016-08-03 03:41:28', '0', '', 2),
(40, 'o_1ap6cekhn1co1qiu16d31cqcgqqa.png', '1526701b9e27e792d106b01e8b53f8b0', '171.14.23.81', '2016-08-03 03:42:36', '0', '', 2),
(41, 'o_1ap7koke217m9poat381lrmfp8a.jpg', '99cb6f030a49f3bac90ca52e2e364e20', '123.162.43.183', '2016-08-03 15:27:10', '0', '', 2),
(42, 'o_1ap7kud7r5s1ua19kf1s0512m0a.png', 'eca1167b599ec7c4fbab7bad22b46012', '123.162.43.183', '2016-08-03 15:30:20', '0', '', 2),
(43, 'o_1ap7l32up1r2116gld051ok98cra.jpg', 'f10be402eda8eb354f97a9958cf3ca40', '123.162.43.183', '2016-08-03 15:32:52', '0', '', 2),
(44, 'o_1ap8jtrae1sn6li01cfp1ne58t5a.png', '07f8e15ebf41ac05bdcb33d91e804515', '36.111.131.48', '2016-08-04 00:31:25', '0', '', 2),
(45, 'o_1ap9li9im1044meb1083mfugl2a.jpg', 'e0ad5d9ea1c9d7a80cb480a341b754ba', '123.162.39.231', '2016-08-04 10:19:41', '0', '', 2),
(46, 'o_1ap9lpvm7s4n1r378t81id817vua.jpg', '348611defaf1f08b4bedfefbc046e3e2', '123.162.39.231', '2016-08-04 10:23:56', '0', '', 2),
(47, 'o_1ap9lurqsn741b0pa5q12q41g6qa.jpg', '29493400cdeb385bc0cd11293d94a3d6', '123.162.39.231', '2016-08-04 10:26:32', '0', '', 2),
(48, 'o_1ap9qh9994bb1g1m1vfc17rd1bdna.ico', '38943f838d80796966c13525ceea2323', '123.162.39.231', '2016-08-04 11:46:30', '0', '', 2),
(49, 'o_1apa4phbq1p319581u4jt731liqa.jpg', 'fc0683d552b98ec5b08cebbc9a192380', '223.78.69.95', '2016-08-04 14:33:15', '0', '', 2),
(50, 'o_1apa4r0961rk71dqrcp71lpj1fj9a.jpg', 'a22f8817e602a9e39c849927f98c1d34', '223.78.69.95', '2016-08-04 14:34:02', '0', '', 2),
(51, 'o_1apccrep97i11ogmu1j74bpmba.png', '9c66cb6631eeed82c7bc94307d69a317', '171.12.216.73', '2016-08-05 11:45:08', '0', '', 2),
(52, 'o_1apcct1p1155dpth77l12uca0da.png', '661b5cbc0f4d236ab6e2d529bd190686', '171.12.216.73', '2016-08-05 11:46:01', '0', '', 2),
(53, 'o_1apce7d871r8r16uq6ql9r77u7a.png', 'f868ea4c4de14fa53b92ba76028b4b6f', '171.12.216.73', '2016-08-05 12:09:09', '0', '', 2),
(54, 'o_1apcekbr5j6ddj717r217c07q7a.jpg', '929a211660bc31f3b38ab95a310a3cd3', '171.12.216.73', '2016-08-05 12:16:14', '0', '', 2),
(55, 'o_1apcf4fsn17qbock14bb1m6h1fhta.jpg', '60ec3b1764b5c6c9308e92619bddefad', '171.12.216.73', '2016-08-05 12:25:02', '0', '', 2),
(56, 'o_1apcf5ote1jnb10n5mu1lngmmba.jpg', 'a3a25cd462c05a3509fe1f8c476af957', '171.12.216.73', '2016-08-05 12:25:43', '0', '', 2),
(57, 'o_1apfcl7mibolvg91s9vj1b1a7a.jpg', '7e0cd2e8b422da4fc6bc3488b821a16c', '1.196.99.155', '2016-08-06 15:39:28', '0', '', 2),
(58, 'o_1apfcloat7tb11221q8hdgt1d82a.jpg', '4ec684a6b20f48dfbf052683d726ca23', '1.196.99.155', '2016-08-06 15:39:45', '0', '', 2),
(59, 'o_1apfcmncp18v8bus1pcvtva1gdoa.png', 'c7e1c09638533c5e4dd0b793e56c7ad6', '1.196.99.155', '2016-08-06 15:40:17', '0', '', 2),
(60, 'o_1apfd5g37fq312tv17f6adkjm8a.jpg', 'c2973c6e84ad3d7a3a36b947ed6dea4a', '1.196.99.155', '2016-08-06 15:48:21', '0', '', 2),
(61, 'o_1apfen1ea1m0g15dmkt4e0md3ma.png', 'b194f50926551ea15983bd9d55a2ea57', '1.196.99.155', '2016-08-06 16:15:25', '0', '', 2),
(62, 'o_1apfhpat11tor1ske15rc8chevna.png', '3f1430f78ab7239cb69105d9ebf13b8d', '1.196.99.155', '2016-08-06 17:09:06', '0', '', 2),
(63, 'o_1apfij9mr1cdg1ktv1bb111itmd8a.jpg', '70f8480bb3e1ed6d8acbd71274de22bc', '1.196.99.155', '2016-08-06 17:23:16', '0', '', 2),
(64, 'o_1apfim9sc165c939118u1dqlrsja.jpg', 'f5a04bf4e78e76f0d4f1ff85f67f0123', '1.196.99.155', '2016-08-06 17:24:55', '0', '', 2),
(65, 'o_1apfju06k1d2v1h081ors8t4poea.jpg', '54e4e269022cc070e61d7e623cf6d5cc', '1.196.99.155', '2016-08-06 17:46:36', '0', '', 2),
(66, 'o_1apiicopemqh10t53jj1it11jska.gif', '575953b460ad7f378dec4b03bfd43ccf', '1.196.99.94', '2016-08-07 21:17:47', '0', '', 2),
(67, 'o_1apilomtp1qe819229orn6bqvsa.png', '3e31d3efc35f9777cf720d7ba759fb94', '1.196.99.94', '2016-08-07 22:16:27', '0', '', 2),
(68, 'o_1apilrvhi1q1e1hqc1s7l148p5ra.png', '47b8590294a4dbb3d8bd49361338dc3b', '1.196.99.94', '2016-08-07 22:18:13', '0', '', 2),
(69, 'o_1apim03as1s565mv4071kqc1nbta.png', '6144419c1b7437a7af85ccc23a774112', '1.196.99.94', '2016-08-07 22:20:28', '0', '', 2),
(70, 'o_1apim85fo12mlq4o19s218l2mtha.png', '78dd42fd39e2afcb9d9bcf37420a59cd', '1.196.99.94', '2016-08-07 22:24:55', '0', '', 2),
(71, 'o_1apjtnth611dj15gvpk8pttnbba.jpg', '1eb96060b667ceb88660e879640653f7', '1.196.96.24', '2016-08-08 09:55:03', '0', '', 2),
(72, 'o_1apjuf0c81jh25mg1pgl1ptp1b9oa.jpg', '339a6ff11c722c43a238f200f879ea01', '1.196.96.24', '2016-08-08 10:07:40', '0', '', 2),
(73, 'o_1apjv9705ijf160s642fdk244a.jpg', '8b024d8406c7434b1b90d418a31f8439', '1.196.96.24', '2016-08-08 10:21:58', '0', '', 2),
(74, 'o_1apk7ajki217pea1uo91dicodoa.png', '721ffdcaf5d463ac1b8fafb995bb35a6', '1.196.96.24', '2016-08-08 12:42:33', '0', '', 2),
(75, 'o_1apk7f58q8c11en31bpekss1h9qa.png', '5efb252ccaac33b7cbffc539bc9768b5', '1.196.96.24', '2016-08-08 12:45:02', '0', '', 2),
(76, 'o_1apmfgffnb2m1cln115i7l64q7a.jpg', 'b9dbae1da0cc5b369bf843bc482e62f4', '112.235.77.210', '2016-08-09 19:15:44', '0', '', 2),
(77, 'o_1apo44597161u1gmq1hfsbv31n01a.jpg', '50ae242643dae201ffb66e638bca135e', '183.206.129.2', '2016-08-10 01:03:12', '0', '', 2),
(78, 'o_1appkkceoqsrahe1kav1v3be01a.png', '6214971a59763d45685e6745ce50d475', '110.203.179.246', '2016-08-10 15:11:02', '0', '', 2),
(79, 'o_1appodb9rq1nbfqegn14nludea.png', '31097e8f257123cfb2ab9b58f70d1911', '1.196.64.236', '2016-08-10 16:17:23', '0', '', 2),
(80, 'o_1appsijki2p51uok190l1ik7796a.jpg', '81e403ea7b2aeb6a608f3713b673d9c5', '110.203.179.246', '2016-08-10 17:29:51', '0', '', 2),
(81, 'o_1appsk2s41qk8qcj1jtgula1c4sa.jpg', 'ca44b81eb3f1076027c18d01b39e61c9', '110.203.179.246', '2016-08-10 17:30:38', '0', '', 2),
(82, 'o_1appsm1991r0b1db41k2lemrpbaa.jpg', '899d43da73507db112bd0dedae750b9e', '110.203.179.246', '2016-08-10 17:31:42', '0', '', 2),
(83, 'o_1appsni8i5phtuid8b1rdg15l5a.jpg', '7f47f616700892b0d10b962f4bda2640', '110.203.179.246', '2016-08-10 17:32:32', '0', '', 2),
(84, 'o_1apsgpb12f7af1j9oq1udr1gc8a.jpg', 'a9e855661938cf849315a5c3abf6749e', '223.73.106.114', '2016-08-11 18:01:30', '0', '', 2),
(85, 'o_1apsgqhpi19ctkt18lu1u55h72a.png', 'ecf3236cb5f89eb6ce2c2eaa73523718', '223.73.106.114', '2016-08-11 18:02:09', '0', '', 2),
(86, 'o_1apsjs7u3kpp12p81kgkaaejafa.jpg', '947a03eb6f5406bfa4915b83bfb1b619', '223.73.106.114', '2016-08-11 18:55:30', '0', '', 2),
(87, 'o_1aq14s7qdt5e1kem53r1a4kct8a.jpg', '7b6cb4fac8dad6c1688005814e7305c1', '27.187.9.28', '2016-08-13 13:08:31', '0', '', 2),
(88, 'o_1aq3i1r4714ql1qvclit4acjjba.jpg', 'dc8b3e0826310ab3da7209bcef7707cc', '110.203.173.1', '2016-08-14 11:38:20', '1', '4', 2),
(89, 'o_1aq3i3n6r1vpf1mgg17s1kep1ssda.jpg', '32de91e1b50e237f9b711939ed44cc56', '110.203.173.1', '2016-08-14 11:39:21', '1', '4', 2),
(90, 'o_1aq3l3cbe96j1ge4am76h12sja.jpg', '36e3ef0336ff6362fca3e55f6d41168d', '125.73.183.225', '2016-08-14 12:31:36', '0', '', 2),
(91, 'o_1aq3lhi77kr7h3t1u8l7ib1im0a.jpg', 'b614acee8b6ca4db194362952d81b7e9', '110.203.173.1', '2016-08-14 12:39:24', '1', '4', 2),
(92, 'o_1aq3lln961nm0ivum3c16qg1d5ia.jpg', '025f5a710e0a2b19a8a8fb6b9b01dade', '110.203.173.1', '2016-08-14 12:41:37', '1', '4', 2),
(93, 'o_1aq3m04rp1hsqis31gd115311gr0a.jpg', '7384e07822a3159aa763e408741876fa', '110.203.173.1', '2016-08-14 12:47:19', '1', '4', 2),
(94, 'o_1aq3m74dc1uj07umtmm175len5a.jpg', '8f13793a1a7066433bb4110c42572df6', '110.203.173.1', '2016-08-14 12:51:08', '1', '4', 2),
(95, 'o_1aq3mtr46191u1vaj1vq6o1i13h5a.jpg', 'a06410b9ba5fc7691e18dea8a10965e7', '110.203.173.1', '2016-08-14 13:03:34', '1', '4', 2),
(96, 'o_1aq3slv7s1g4v12681sarp91l04a.jpg', 'cb5f7a44040e8ac39848e4c3488e23db', '110.203.173.1', '2016-08-14 14:44:06', '1', '4', 2),
(97, 'o_1aq3uru5096kkqqq8214ad1h8ma.png', 'ae1acf026c29697cb220bea45cd501f7', '223.74.53.93', '2016-08-14 15:23:59', '0', '', 2),
(98, 'o_1aq42d0pqf7m13p7fc710b3f5a.jpg', '01defef81b759bbdce34ca2ba2062ee8', '110.203.173.1', '2016-08-14 16:24:04', '1', '4', 2),
(99, 'o_1aq42uqu71ect11i1b4c1cts65ea.jpg', '217b9f3fd14f15fc2cd16bc5dd85531a', '110.203.173.1', '2016-08-14 16:33:48', '1', '4', 2),
(100, 'o_1aq5o13ns14ag1fkuguu4el1uhha.jpg', '86da27b6f7622a16589d2b1fbd553b67', '27.187.15.176', '2016-08-15 08:00:09', '0', '', 2),
(101, 'o_1aq5ot4i412a41rffn3147vjmba.png', '79c3efad468d741f19242990bc820b11', '27.187.15.176', '2016-08-15 08:15:28', '0', '', 2),
(102, 'o_1aq680u671ofp9k1v5m1f3ols4a.jpg', '793c8e54fbbc810183b2f17b67ef8332', '14.122.205.13', '2016-08-15 12:40:47', '0', '', 2),
(103, 'o_1aq6tfvv91of123p1u12cqu2l8a.png', '0c985c433b980ed98836f8732625a438', '27.187.9.216', '2016-08-15 18:54:53', '0', '', 2),
(104, 'o_1aq92k38o1b0qrgc1g406tjl2ea.jpg', 'cd6962d4dd6fb7b1e5e9b76de1e4c35b', '1.196.65.33', '2016-08-16 15:04:06', '0', '', 2),
(105, 'o_1aqfh1fiv1cmt17rh16e313t713gfa.jpg', 'cc6b475a5b6c9047da79ed43e7028c44', '61.158.171.105', '2016-08-19 03:11:30', '0', '', 2),
(106, 'o_1aqfh4jrion6und1eoa10kaj9fa.jpg', 'd45d6a85bf5a497e9c44b0a4e32aa101', '61.158.171.105', '2016-08-19 03:13:12', '0', '', 2),
(107, 'o_1aqfhfo2k7i51qq71ka2vc4g2aa.jpg', '1a6365e2529ef328c198110d6def0812', '61.158.171.105', '2016-08-19 03:19:17', '0', '', 2),
(108, 'o_1aqfi4mm617ak1qa21e0hgv71k2ka.png', 'a00dbf7058f067da3dedf1d1632a30bc', '61.158.171.105', '2016-08-19 03:30:43', '0', '', 2),
(109, 'o_1aqgkm82sg7d15an1i8g40k1mt4a.jpg', 'd00a01d5280c2ca5dce557f2893c3780', '111.79.234.15', '2016-08-19 13:34:33', '0', '', 2),
(110, 'o_1aqgl5g201c8q1b6v1ki01oej15vja.jpg', '1301b2421c8ffe8f196447eb8f203377', '111.79.234.15', '2016-08-19 13:42:52', '0', '', 2),
(111, 'o_1aqh22p10ths12dtvl169s1v1ma.png', '9e41511e110a6d23b06a5aa47e0ae82b', '111.79.234.15', '2016-08-19 17:28:40', '0', '', 2),
(112, 'o_1aqj7ahqa1dbqp83qpmdrctf6a.jpg', '62a40ca93ac1e76ebf40251e166d6cc4', '183.1.17.197', '2016-08-20 13:38:34', '0', '', 2),
(113, 'o_1aqk3cf761b0m13b3vmu4nburaa.jpg', '1f8b95c546ffd69f56120373f984ef7b', '112.38.39.118', '2016-08-20 21:49:08', '0', '', 2),
(114, 'o_1aqn2h5f3174u11a01r4l1k8r1gota.png', '7767b92ae9f869f77b74bbe896e0aa2b', '123.162.53.147', '2016-08-22 01:31:57', '0', '', 2),
(115, 'o_1aqntnnh5srj15tfrrknbv13n2a.jpg', '17062b60c98eccb83a0edd77e0c5ea25', '36.40.124.235', '2016-08-22 09:27:19', '0', '', 2),
(116, 'o_1aqptpjnd1u9fjgujv019tt7cta.jpg', '6a6ce7cda64635a891c77a69de79f41f', '123.162.53.147', '2016-08-23 04:06:49', '0', '', 2),
(117, 'o_1aqptqaonm5ndbt124bmvmr2a.png', 'de05bc86f7494f7c1dd1392706aa416f', '123.162.53.147', '2016-08-23 04:07:13', '0', '', 2),
(118, 'o_1aqq2g3i6109m1h871v7r1kjr17n0a.png', '3f457c8dd78d7ee3027f46b97c70ac72', '123.162.53.147', '2016-08-23 05:29:01', '0', '', 2),
(119, 'o_1aqq2jpl61i97p7a1ligm4h1rq3a.png', '4a07c9cf761143c788c3f44cee1d9b06', '123.162.53.147', '2016-08-23 05:31:02', '0', '', 2),
(120, 'o_1aqq37gl6hffs24bn3ljc1vdra.png', 'c4b6c8c736ba031bd2cced1f80a971f1', '123.162.53.147', '2016-08-23 05:41:48', '0', '', 2),
(121, 'o_1aqq38e7o181s11fg17t2jn38rla.png', 'c9f978f7f28e993225a03c00f20a9c0e', '123.162.53.147', '2016-08-23 05:42:18', '0', '', 2),
(122, 'o_1aqq3iumu161b1b43oklibs15j6a.png', 'efb918a91286fcd8e23757ec61c453e8', '123.162.53.147', '2016-08-23 05:48:03', '0', '', 2),
(123, 'o_1aqq3jf0m1it01i5v1uk4ej016hca.png', '6ba4a3268005d31e03ccdf432b8177d1', '123.162.53.147', '2016-08-23 05:48:19', '0', '', 2),
(124, 'o_1aqq45dk118dr19e1ui21n1l1a0ca.png', 'cab5a61b17e80149ed4c3e9acca6acab', '123.162.53.147', '2016-08-23 05:58:07', '0', '', 2),
(125, 'o_1aqr6pt6o1mh3o9vfok1su6emsa.png', 'bcbe5b7a2110d1b0a90b60cedfe08405', '123.68.171.27', '2016-08-23 16:03:37', '1', '4', 2),
(126, 'o_1aqr6tqsbolk18ubh6em02ru9a.png', '59b223c9215c6994f76392681934a3df', '123.68.171.27', '2016-08-23 16:05:46', '0', '4', 2),
(127, 'o_1aqr7eb5i1r7nscm1hpamrd4a.png', '9733ee2ae9db55fe8257d1b72cc29574', '123.68.171.27', '2016-08-23 16:14:46', '1', '4', 2),
(128, 'o_1aqrfb0cb17e0snd18d94l91bc6a.png', 'd2db52238f44cf09c09546275933c22f', '110.203.179.70', '2016-08-23 18:32:45', '1', '4', 2),
(129, 'o_1aqrflp9m13uela4om7eb5okia.png', '4321bb8fdde410988d0e8b1af451d67b', '110.203.179.70', '2016-08-23 18:38:38', '1', '4', 2),
(130, 'o_1aqthkgfc5kei371ih1rv0j82c.jpg', '07a5a3ce3e8673f12f4fbd887bfa589e', '223.73.243.38', '2016-08-24 13:51:15', '0', '', 2),
(131, 'o_1aqujpb361ri51duvfav12r8psha.gif', '59087de5a962ccfda0a5b85db9869192', '61.158.171.105', '2016-08-24 23:48:05', '0', '', 2),
(132, 'o_1aqujqt401otp1lae104n2vv17ja.gif', '079ae8f46de342b75e9297be75d13818', '61.158.171.105', '2016-08-24 23:48:55', '0', '', 2),
(133, 'o_1aquk06fn6mn13c01l31d89uiba.png', '6c406d3dbfafca6341ceba7a753bb084', '61.158.171.105', '2016-08-24 23:51:49', '0', '', 2),
(134, 'o_1aqvit8r4jjg133s18a91c3iaara.png', '5555ed733b056147e4055a7041192ca2', '123.54.48.120', '2016-08-25 08:52:00', '0', '', 2),
(135, 'o_1aqvivbuh1stp15ftahh1c2hemna.png', 'dca745f47d7a9f077b594f62d70ba334', '123.54.48.120', '2016-08-25 08:53:09', '0', '', 2),
(136, 'o_1aqvivoqs101jijqvthm4ac6qa.png', 'a7874ec8e4245241c688c9501518eb70', '123.54.48.120', '2016-08-25 08:53:22', '0', '', 2),
(137, 'o_1aqvj1a7auv2o2n15v41v761voaa.png', 'df8f8fb6c43d30353e8c0d871e059234', '123.54.48.120', '2016-08-25 08:54:13', '0', '', 2),
(138, 'o_1ar0s21081h0i167411in1bbi1lvga.png', '972dd3d9e3e2f1a93c6c5c22186e1f86', '123.68.73.253', '2016-08-25 20:51:09', '0', '', 2),
(139, 'o_1ar365l6815nkgl71f2u111js6oa.jpg', 'b79ede1e47d6f22f7e41aff8447266b7', '223.74.142.240', '2016-08-26 18:26:27', '0', '', 2),
(140, 'o_1ar38k4iigu11cts16401gft7e2a.jpg', '224d90a476898ed99b697309f4b2f547', '223.74.142.240', '2016-08-26 19:09:18', '0', '', 2),
(141, 'o_1ar5d3nrp18jh7oafnshpvbmka.jpg', 'd6d0283cbc56708bcdd4dc80e0afbc28', '42.228.163.217', '2016-08-27 15:06:52', '0', '', 2),
(142, 'o_1ar5o51bq11h218oc122j1mf8liba.png', 'b1b664fbfe3c6ea05ed0ab8cc6f69735', '223.74.142.240', '2016-08-27 18:19:11', '0', '', 2),
(143, 'o_1ar5qui7i999190iukehnd12qa.png', '87a9f403776666cf68d95e5a147bfeb0', '223.74.142.240', '2016-08-27 19:08:05', '0', '', 2),
(144, 'o_1ar5r5ko1kvr1evf1nap2c0lpoa.jpg', '959ed83deec0452bb14a68730037f3e2', '223.74.142.240', '2016-08-27 19:11:57', '0', '', 2),
(145, 'o_1ar5retb012ru1nhf19ok6471qlsa.png', '45d5285082c8d9626fd73523f73513ab', '223.74.142.240', '2016-08-27 19:17:00', '0', '', 2),
(146, 'o_1ar5rice1124ea8qdieg831jd7a.png', '30d60a4a2d19a123c3bcba08b435b34a', '223.74.142.240', '2016-08-27 19:18:54', '0', '', 2),
(147, 'o_1ar7e867n1ithp8b19631004hoca.jpg', '079c7ebe52765359012110eedc0ccac6', '27.187.4.62', '2016-08-28 10:03:18', '0', '', 2),
(148, 'o_1ar89rud31fmk19l2hkm1jlcnhqa.gif', '2869c21bf6df757eaf6729ae0a09acb9', '223.74.142.240', '2016-08-28 18:07:11', '0', '', 2),
(149, 'o_1ar8bhervvpqke52bv1q7b1e0ga.jpg', '317cfa9e71e459a2f8920a7698474833', '223.74.142.240', '2016-08-28 18:36:24', '0', '', 2),
(150, 'o_1ar8bicgicjf4u2m4i4mk1o6a.png', 'a97bd6c8368cb8f11cac3d473b842530', '223.74.142.240', '2016-08-28 18:36:53', '0', '', 2),
(151, 'o_1ar8c95qgubb1ql0q3p1bd51at5a.jpg', 'e9bc42dfb0e609c11e7580d0f44d421c', '223.74.142.240', '2016-08-28 18:49:21', '0', '', 2),
(152, 'o_1ar8cls8o1qc21l6abo51dkqemna.png', 'c4910adb2f7898d7e07c7b093230b1ab', '223.74.142.240', '2016-08-28 18:56:16', '0', '', 2),
(153, 'o_1ar8d9i1n1nv116u814len41l8ca.jpg', '381c9a7d373ca111b88ca577da2b7718', '223.74.142.240', '2016-08-28 19:07:02', '0', '', 2),
(154, 'o_1arabf1qd1pbup36155318m0msia.jpg', '744c9ac6154e37ae6cbb02cc88b9acab', '223.74.142.92', '2016-08-29 13:13:34', '0', '', 2),
(155, 'o_1araqlm9o12mo1m1jvj9123ht3ga.jpg', '9069ed5995b236dd14a899297fe3b258', '223.74.142.92', '2016-08-29 17:39:22', '0', '', 2),
(156, 'o_1arare6q01ac215kp1tcs1hbp1rdka.jpg', '52cbc147239cc68e2cc070b4864c11c2', '223.74.142.92', '2016-08-29 17:52:45', '0', '', 2),
(157, 'o_1arareuoc3qn8e03g7iof1p7oa.jpg', 'e6ebfb0b0f8fb0f8e512ab15cb23565f', '223.74.142.92', '2016-08-29 17:53:09', '0', '', 2),
(158, 'o_1aras1f4j1oqo1f791egcjkpqmpa.jpg', 'dd7e9861d22560078f4633cbc5613b1b', '223.74.142.92', '2016-08-29 18:03:16', '0', '', 2),
(159, 'o_1arb2puev1eo19627r5i5p94fa.jpg', 'c26d0b8180077e12d61f660559832dd7', '1.196.83.63', '2016-08-29 20:01:29', '0', '', 2),
(160, 'o_1arb2rsh2ej3pj6eii15r713lra.jpg', '29d77d0ce99a23506439c8545e4d22cd', '1.196.83.63', '2016-08-29 20:02:33', '0', '', 2),
(161, 'o_1arb4b7ob1rjd1ceomm1r7115f3a.jpg', '1036d54f48486eae7e94800be6ae60db', '1.196.83.63', '2016-08-29 20:28:24', '0', '', 2),
(162, 'o_1arcujv6015jjb031b0mmkr10dma.jpg', '9b6ae324578bd80134729d3b7ad683aa', '223.74.142.92', '2016-08-30 13:26:48', '0', '', 2),
(163, 'o_1arcvk0s93ot1rpa14411ikg1m6pa.jpg', 'be175ae34f72a34b7a6d557f4b21a8bb', '223.74.142.92', '2016-08-30 13:44:19', '0', '', 2),
(164, 'o_1are9r4s2c18362154s11ka1d1da.png', '38dc8768c880db7d08647105aa27e708', '1.196.83.63', '2016-08-31 02:02:12', '0', '', 2),
(165, 'o_1arebcuju1e677271gqn1sm1gkva.png', '95630ff191cdde334f017e5058ae1294', '1.196.83.63', '2016-08-31 02:29:24', '0', '', 2),
(166, 'o_1arefjltr16f5g1m1ivp1j5762da.png', '838fa1213002e1827c669df123000697', '1.196.83.63', '2016-08-31 03:42:59', '0', '', 2),
(167, 'o_1arl39cqj1a80m9uu7toov146sa.jpg', 'f7c38c96f02cf92dab7eac03041c561f', '223.74.142.174', '2016-09-02 17:22:21', '0', '', 2),
(168, 'o_1arm1bo2e1lbn16pgju88l2gsfa.png', '4d9fec131e6545a60a0bc19a38ec94e5', '123.54.41.27', '2016-09-03 02:07:58', '0', '', 2),
(169, 'o_1arm1ptvd16h51a2bgofnpdhe9a.png', '4921d59661b84636d8225a645956fd4e', '123.54.41.27', '2016-09-03 02:15:43', '0', '', 2),
(170, 'o_1arm2bvec1um9vk1bunmbosfga.png', '8084d191dd2384a441b4d467d70ef49c', '123.54.41.27', '2016-09-03 02:25:34', '0', '', 2),
(171, 'o_1arn3cote1a0r92tf1m1b9k1uqla.png', '57730f44337e0bb383f6559d6d682bad', '123.54.41.27', '2016-09-03 12:02:45', '0', '', 2),
(172, 'o_1arn3rb7c10uv1v137m1luu1fr1a.png', 'a8dc32fbfd963911eeb447c5f0aa562c', '123.54.41.27', '2016-09-03 12:10:43', '0', '', 2),
(173, 'o_1arn4fddi8vo17af10i5ndctca.png', '57d7b7a6de55c1d5aaa9436369d043cd', '123.54.41.27', '2016-09-03 12:21:41', '0', '', 2),
(174, 'o_1arn4fmoh1b5h1etd8en1jjh1qiba.png', 'c9427ae36b661cec38bfaedde5cd4c07', '123.54.41.27', '2016-09-03 12:21:51', '0', '', 2),
(175, 'o_1arn5176vjq41a2dt741g2516uda.png', '17edaf4e59bbc50a21258ce2a5999f07', '123.54.41.27', '2016-09-03 12:31:24', '0', '', 2),
(176, 'o_1arn5fae5cno1spc1maq12fv11uba.png', 'ae780fb90ac3598a62ddfcaf7b41cf27', '123.54.41.27', '2016-09-03 12:39:07', '0', '', 2),
(177, 'o_1arn5ga2s1garqq1lse14461ld9a.png', '2a2550faa16d0308fccdb5d1a26e5c94', '123.54.41.27', '2016-09-03 12:39:39', '0', '', 2),
(178, 'o_1arn5mm7a1i6c13i41s3m1fem17k9a.png', '23a94a77a1c3196114e681fa7806f0f3', '123.54.41.27', '2016-09-03 12:43:07', '0', '', 2),
(179, 'o_1arn65fpp1vdt10i1sca1j6olq3a.png', '26aa289847b5c95edd72efe6f6bf689f', '123.54.41.27', '2016-09-03 12:51:05', '0', '', 2),
(180, 'o_1arn6plrc2cv1en8263i9lesta.png', '3aa092404dedce2d2943aa07d74f9a84', '123.54.41.27', '2016-09-03 13:02:08', '0', '', 2),
(181, 'o_1arnlunmk186q16521s1q13f819q3a.png', 'e74aa328e2ec6e3ff62ff65bdffe48e9', '223.74.142.174', '2016-09-03 17:27:04', '0', '', 2),
(182, 'o_1arnlvfe56bqui1dtd154s3dia.png', 'e8da73a62a4ffddc4b9c682024a1ee1c', '223.74.142.174', '2016-09-03 17:27:28', '0', '', 2),
(183, 'o_1arnoarecsb319361ut3nq1f74a.gif', 'c15e55d38310fa53143bf4b20d54113a', '223.74.142.174', '2016-09-03 18:08:38', '0', '', 2),
(184, 'o_1arpk261k1d4h1kd810j1121m1emfa.jpg', '8d02265cd86c58bc9c7284001d9e4ed0', '223.74.142.231', '2016-09-04 11:32:25', '0', '', 2),
(185, 'o_1arpn1agr6ebdrb1ctrjdfajca.jpg', '02884e16bbbcdb17240b93308d5b1c73', '223.74.142.231', '2016-09-04 12:24:24', '0', '', 2),
(186, 'o_1arpo1m5b147418sn1ct1m8qujaa.jpg', '0dcebc88608d96f2bd2013fa6326308c', '223.74.142.231', '2016-09-04 12:42:04', '0', '', 2),
(187, 'o_1arrrock0klekdl1c45jd0iqfa.png', 'baf3269713bed58ed6788cd26a888743', '223.215.169.243', '2016-09-05 08:25:31', '0', '', 2),
(188, 'o_1ars9po7cr9t1783sconivelba.jpg', 'e82f85b6e43f9a5b8e53049c95ca307b', '223.73.187.168', '2016-09-05 12:30:47', '0', '', 2),
(189, 'o_1arsarchl14jf19ki2s71vco129fa.jpg', 'f7613c107d967f4da95198dd2f9422e1', '223.73.187.168', '2016-09-05 12:49:09', '0', '', 2),
(190, 'o_1arsasn4kgc81sobveg1pnk1678a.jpg', '3e1e020e6843cf14052f84f5dea9e915', '223.73.187.168', '2016-09-05 12:49:52', '0', '', 2),
(191, 'o_1arsavih1r7p1a8issljcp1thia.jpg', '1c07f72ad57c0a719e7007c4c61f40c9', '223.73.187.168', '2016-09-05 12:51:26', '0', '', 2),
(192, 'o_1arsb1dc81rog12ml1s2s17ig5ma.jpg', '8c7d1ff33e1393c23a7d80f08a9fd34c', '223.73.187.168', '2016-09-05 12:52:26', '0', '', 2),
(193, 'o_1arssk619ujk1kgi2nv49tj2a.png', '547f96f61621bb008cca6a77aa39590c', '223.73.187.168', '2016-09-05 17:59:49', '0', '', 2),
(194, 'o_1arssp5ht1v18aj71q2l1rj7rhfa.jpg', '4636c48ae7f25c901fb37f033f24a3e2', '223.73.187.168', '2016-09-05 18:02:32', '0', '', 2),
(195, 'o_1art2nbmcpapvailik9651adma.gif', 'fff3794d96ed3ac1a6792dca55643f2e', '223.73.187.168', '2016-09-05 19:46:24', '0', '', 2),
(196, 'o_1arusu6ev1qf1nrk82u14vc12bha.jpg', '257aa6cea11c74d465129d08dd287465', '223.73.187.168', '2016-09-06 12:43:46', '0', '', 2),
(197, 'o_1aruudhdiv8b1o64158b147u1qh4a.png', '67413330d31b98d9cace1cfe7a5a826b', '123.162.51.45', '2016-09-06 13:09:36', '0', '', 2),
(198, 'o_1aruvj8171uhm1eni1h6icd929ia.png', '7f012d93b8286642027a1910f4e4555e', '123.162.51.45', '2016-09-06 13:30:12', '0', '', 2),
(199, 'o_1arv1ptg7nvsvvr1ei1dsg1ecba.png', 'e18354d6620b2008b1148d7cf6dc9b39', '123.162.51.45', '2016-09-06 14:08:47', '0', '', 2),
(200, 'o_1arv2d3321u031aj01ebq10tpok5a.png', '95048a682ec6635b22f6f8c45f7e1bee', '123.162.51.45', '2016-09-06 14:19:16', '0', '', 2),
(201, 'o_1as2dsno81gmrkj418mp1mcn1g4ua.png', '233e2cc1a636525e41d010af29a33f34', '106.5.83.117', '2016-09-07 21:37:45', '1', '', 2),
(202, 'o_1as2du2kkj9f7va98a99vd93a.jpg', '4e8c4a9a7343b525020a5fa7ba2fd6a2', '106.5.83.117', '2016-09-07 21:38:30', '0', '', 2),
(203, 'o_1as4qodsp188v1c2u4kavbm1422a.jpg', '9617671a092db631aa06592230bc69f5', '112.64.30.153', '2016-09-08 20:02:04', '0', '', 2),
(204, 'o_1as7btub11j8b2ul1hv09kd1rh7a.gif', '048d06746971262b13eb8495047a937f', '223.73.187.101', '2016-09-09 19:39:45', '0', '', 2),
(205, 'o_1as98v45sijsajq1tqnoru1fkta.ico', '7c4a97ec08acdd084c61b24bb836d725', '110.203.174.47', '2016-09-10 13:26:23', '0', '', 2),
(206, 'o_1as995lk91ns11ge91fi81rldlota.png', 'd0d5a95b62115355a674231a4b0a931c', '110.203.174.47', '2016-09-10 13:29:57', '0', '', 2),
(207, 'o_1as9i00ebop3cf5adc1vd1koha.gif', 'e1886f496c81f5bfcf2b49de57af5d60', '110.203.174.47', '2016-09-10 16:04:09', '0', '', 2),
(208, 'o_1asb6k5inaguk9a1qq9bc714pa.jpg', 'eca8b0ac1d8680b4180cb2e81ecfd044', '117.29.150.153', '2016-09-11 07:23:55', '0', '', 2),
(209, 'o_1asbkqnn4g7ngu01ves13l01cb8a.jpg', '7288021c3f61d8fc230993943e13855b', '223.73.187.249', '2016-09-11 11:32:10', '0', '', 2),
(210, 'o_1ascdlppg1r33s5q13j311vg1083a.jpg', 'df299ea68ff6ed54e07aa88d5e8d9902', '223.73.187.249', '2016-09-11 18:46:22', '0', '', 2),
(211, 'o_1asgv7pittfdt42l131dlujmka.png', 'a549687ae3837cfe4154f26e0e929c12', '223.73.187.249', '2016-09-13 13:10:20', '0', '', 2),
(212, 'o_1asjdhetl18mlnln1qbduqi1abkc.jpg', 'a9da94989f2805c4496aacca0ff62667', '123.162.51.4', '2016-09-14 11:58:44', '0', '', 2),
(213, 'o_1asjdklbq14ho10fn1k6a5kdu06a.jpg', '28dfc91ad7f00e3dfc2d6e28f40df382', '123.162.51.4', '2016-09-14 12:00:29', '0', '', 2),
(214, 'o_1asjdu22l1no1100enece7317ana.png', '2a48c5c5fa0a1169c6543c0e79a11d15', '123.162.51.4', '2016-09-14 12:05:37', '0', '', 2),
(215, 'o_1asjdudkk166l1udipnlvvn1q73a.png', 'b499b3d38e8a42e1ce2b5f629844c67e', '123.162.51.4', '2016-09-14 12:05:49', '0', '', 2),
(216, 'o_1aslrge6a1ce716la1sfqu1p1pria.jpg', '68b19c4f00e70638fc6cc2fd92035e92', '223.73.187.72', '2016-09-15 10:41:22', '0', '', 2),
(217, 'o_1aslrhc0u1d4d1vnh1qg8srt1tfua.jpg', '37c34f866fde231d7676fdc59720ff75', '223.73.187.72', '2016-09-15 10:41:52', '0', '', 2),
(218, 'o_1aslrsobt1cqk136t90ua55csna.jpg', 'c44728526c4f83e06721ee5ceabba66c', '223.73.187.72', '2016-09-15 10:48:06', '0', '', 2),
(219, 'o_1asmhvdea2gis0os3sp1vp5a.ico', '0d45c94f6f02b3760a3a1a2c089226ab', '123.68.74.221', '2016-09-15 17:13:56', '0', '4', 2),
(220, 'o_1asn1am4n1q7q1sbu1fla1ars1itra.ico', '8d3bc1f2de9b7ce9b68b3ec47bb0a1d7', '123.68.74.221', '2016-09-15 21:42:16', '0', '4', 2),
(221, 'o_1asn8g61p1j2prhh144as34uhga.jpg', 'fe49fe8455c4f025698c4dd648afe645', '223.73.187.72', '2016-09-15 23:47:40', '0', '', 2),
(222, 'o_1asornoem1pb61ti6ust15d41377a.png', '6e24c724c70cdaf70ee0e4013e5f66fb', '110.203.176.138', '2016-09-16 14:43:03', '0', '4', 2),
(223, 'o_1asorpnm21a028ko16s8l32e76a.png', 'ffbdbe8de0f95e4b523b48255f5e9263', '110.203.176.138', '2016-09-16 14:44:06', '1', '4', 2),
(224, 'o_1asorshd91shv1d0e1eon1nratbia.png', '4a4c044b3fb826e085b1b466910e0861', '110.203.176.138', '2016-09-16 14:45:37', '0', '4', 2),
(225, 'o_1asortjtm9ifd9m1att1ji7eu1a.png', '70f7b423421880185c68221eab04fa20', '110.203.176.138', '2016-09-16 14:46:12', '0', '4', 2),
(226, 'o_1aspakuq31k8q116a7i11est1bisa.png', '57920520f6986ddc37b24d5c97609da3', '223.73.187.184', '2016-09-16 19:03:43', '0', '', 2),
(227, 'o_1asr520b4d241jf9181k84g1etca.jpg', '1fcef2263ade66eda3d376dc48d41db5', '223.73.187.184', '2016-09-17 12:04:30', '0', '', 2),
(228, 'o_1asriats81qnir1m1flk10stef4a.png', 'c58c65c13f733574fea6206cef6f1be8', '113.101.188.143', '2016-09-17 15:56:34', '0', '', 2),
(229, 'o_1asrskidbisd15751glrc097oda.jpg', '24d17370ba6650efe8e84c29a645edc4', '223.73.187.184', '2016-09-17 18:56:35', '0', '', 2),
(230, 'o_1asum18m41tgv13555oa1i7u1lrpa.png', '5414371e32e371c8b715b4de8b166285', '123.68.169.27', '2016-09-18 20:58:47', '1', '4', 2),
(231, 'o_1at6eger8k3484e8sa12411n53a.jpg', 'ac526ccc168dbe381ad20f549230906b', '59.55.71.8', '2016-09-21 21:19:55', '0', '', 2),
(232, 'o_1at6g2gj0ejv1851n5b1mq8r0ia.png', 'de8befbb5e2fe431f87c412c932b9987', '222.51.55.77', '2016-09-21 21:48:31', '1', '4', 2),
(233, 'o_1at6g8bsalb4v2r1bo51um9bnia.png', '69dac50025e8448170aa1b328b59c69d', '222.51.55.77', '2016-09-21 21:51:43', '0', '4', 2),
(234, 'o_1at6gd1vspg2utjur7165n483a.png', 'e7669dd7117b1ed58495c18ea0e131e6', '222.51.55.77', '2016-09-21 21:54:17', '0', '4', 2),
(235, 'o_1at6gjmcd7jv6qo1m1k9et1rjga.png', '1e8f50730d9f063a3257d436031613e8', '222.51.55.77', '2016-09-21 21:57:59', '0', '4', 2),
(236, 'o_1at6h01fsd6fr124g7qfllra.png', 'e47af93a842c11273c9235bca809a05b', '222.51.55.77', '2016-09-21 22:04:40', '1', '4', 2),
(237, 'o_1at6h6gbab5cil08rn8gng0ia.png', 'fa6def3dfd8d8b58e446e5fbc8d40260', '222.51.55.77', '2016-09-21 22:08:10', '1', '4', 2),
(238, 'o_1atal7n8c1jo272s1ih45q31mbka.png', 'dae4877dc70a3aee37692a0961f2ff90', '171.14.21.73', '2016-09-23 12:35:44', '0', '', 2),
(239, 'o_1atammbece2h13qa1nec1lm015spa.jpg', 'd435b850786393eb0feefab9c8223c01', '223.74.142.249', '2016-09-23 13:01:15', '0', '', 2),
(240, 'o_1atd2qa981tq61me41d5cb1vrm7a.png', '1d4431349a08df4953c05aafb248d139', '123.68.75.238', '2016-09-24 11:11:30', '1', '4', 2),
(241, 'o_1atd41f79dh51el21knec0a16ika.png', '8b351814fb0449a8115d6cb7fe297afd', '123.68.75.238', '2016-09-24 11:32:54', '1', '4', 2),
(242, 'o_1atdi7ud11d9t1pch1gknr3n188oa.png', 'b0b6f525c59c2af3ed2dda04f385f9a1', '123.68.75.238', '2016-09-24 15:41:07', '1', '4', 2),
(243, 'o_1atehonk2tl71m8c1shpb521f20a.jpg', '744cd0011e8bf93c454bbe0fdacdbee2', '123.68.75.238', '2016-09-25 00:52:02', '1', '4', 2),
(244, 'o_1atfl6kqnfcc1hknn6947ejopa.gif', '34c88c2d133b1009050b0f154c279e66', '223.74.142.249', '2016-09-25 11:11:20', '0', '', 2),
(245, 'o_1atfm1o211qos1r82l1skl8l2la.jpg', 'effe0468a37e88e42851980eaeab9d51', '223.74.142.249', '2016-09-25 11:26:07', '0', '', 2),
(246, 'o_1atg8hh5f1jf0nh61grstho1kfva.gif', '3951e57ab054295f2a74b732066e8411', '223.74.142.249', '2016-09-25 16:49:20', '0', '', 2),
(247, 'o_1atj6nbb011911dganqp1hm0hp9a.png', '79ecebb8a4a8d32b006d162f1f7a3c67', '106.42.243.192', '2016-09-26 20:15:16', '0', '', 2),
(248, 'o_1atj6u5qi196slh78kb1sbd1mm4a.png', '1fff43042cce1388a12719231c73c4d4', '106.42.243.192', '2016-09-26 20:19:00', '0', '', 2),
(249, 'o_1atj74pvi13jj1jfb1p191fli1mq0a.png', '66ee3700e1f27896c448eefec9dbbdcf', '106.42.243.192', '2016-09-26 20:22:37', '0', '', 2),
(250, 'o_1atlfrngg12p84bvp6qf7ah2ba.png', '4eb3e6bde0f042e43098753230baa544', '106.42.243.192', '2016-09-27 17:33:28', '0', '', 2),
(251, 'o_1atlfuk4st7u1l731sh61sai19i8a.png', '70e2805bef308c682c3015ac97f3f5c1', '106.42.243.192', '2016-09-27 17:35:01', '0', '', 2),
(252, 'o_1atlg3pfa16vp9ds1idg6jf1r9ea.png', '3a8502a9672002d6678da7b53c656de9', '106.42.243.192', '2016-09-27 17:37:50', '0', '', 2),
(253, 'o_1atlg730d16oa1cj117631nmsn0la.jpg', '4a3ec8fe2a03fa151619fd1b219a1b84', '106.42.243.192', '2016-09-27 17:39:38', '0', '', 2),
(254, 'o_1atlg8qb02smepo1ha0kea15ofa.jpg', '36ba517396ce5aee4fe1bc5e5dc1c5eb', '106.42.243.192', '2016-09-27 17:40:35', '0', '', 2),
(255, 'o_1atlgcu6r1for1hto170h1r1vbjfa.jpg', '1173302ae59aeb01cd1f79d733507b08', '106.42.243.192', '2016-09-27 17:42:50', '0', '', 2),
(256, 'o_1atlglj9m8tjpql1bio5htr1ca.png', 'f77ab8677dc4ac66c7acb646040f43e9', '106.42.243.192', '2016-09-27 17:47:34', '0', '', 2),
(257, 'o_1atlh3ua59b380vsn9168s15lna.jpg', '42bdbe7b7f68b59284ae7d3f23a354c1', '223.73.187.66', '2016-09-27 17:55:24', '0', '', 2),
(258, 'o_1atlhhjub1brr9433lu6haip4a.jpg', '97ae9e2448d45e2b8134bb77c380a7fa', '223.73.187.66', '2016-09-27 18:02:53', '0', '', 2),
(259, 'o_1atlhmig4k7514fg1m9ti6ncmsa.jpg', '7aad3a696e136b65bc6609152be141ea', '223.73.187.66', '2016-09-27 18:05:36', '0', '', 2),
(260, 'o_1atlhsi6m15c4163l1ab7p51se9a.png', '12a67343bd02ca992d8de26314c3c0e2', '106.42.243.192', '2016-09-27 18:08:50', '0', '', 2),
(261, 'o_1atlht113mvh1t2rg6j1jv31feca.png', '7e1c7cd910e9f18972e4c25bd27b69ab', '106.42.243.192', '2016-09-27 18:09:05', '0', '', 2),
(262, 'o_1atlifguiq1e13i71a9a16ctp3ea.png', 'c535ad689614e7173f287e4939edfd3e', '106.42.243.192', '2016-09-27 18:19:11', '0', '', 2),
(263, 'o_1atnha42e96h1g9b1gqd1phs1n6la.jpg', 'e86b164654dc24414866aea3b3f5263f', '223.73.187.66', '2016-09-28 12:37:18', '0', '', 2),
(264, 'o_1atnhaplp13u6b5e1kl61drn1nsea.jpg', '9955fc674c952528d982e3a26fb352bb', '223.73.187.66', '2016-09-28 12:37:40', '0', '', 2),
(265, 'o_1atnhc9ik1stpld1tn4171rr06a.jpg', '1d9f782d3e3aec2f6efe9991bf418f57', '223.73.187.66', '2016-09-28 12:38:29', '0', '', 2),
(266, 'o_1atnhdbghkmc3kl1e06vis17ila.jpg', '22ab0c90b6d2886896d256dd5c9878a9', '223.73.187.66', '2016-09-28 12:39:04', '0', '', 2),
(267, 'o_1atnkgld2isrd341ru51soe1j37a.png', '6f4a71f27c2424699ea9d28b0eaf1611', '106.42.243.192', '2016-09-28 13:33:16', '0', '', 2),
(268, 'o_1atnkhd8v194fcf13mr16rnvjea.png', '831b1a5ca30a9b1198fe5c3632609698', '106.42.243.192', '2016-09-28 13:33:40', '0', '', 3),
(269, 'o_1atnkilrk1q1c1riphka14qcr3ta.png', 'e8a953649170cdc1167587ce588b4b5e', '106.42.243.192', '2016-09-28 13:34:21', '0', '', 3),
(270, 'o_1atnl6o9117a72ub1c2lmqiqa.jpg', '205b436b465862db0ab2836653e312af', '106.42.243.192', '2016-09-28 13:45:18', '0', '', 3),
(271, 'o_1atnl7r1316up1i9dc541teg1kpea.jpg', '4147d387e8367df13e734d4d061a79f9', '106.42.243.192', '2016-09-28 13:45:54', '0', '', 3),
(272, 'o_1atnl8i4k1o82140s62t3cs11tsa.jpg', 'b01004a7ead0fcc4d5c162a07ca0e77b', '106.42.243.192', '2016-09-28 13:46:18', '0', '', 3),
(273, 'o_1atnlajoh1otrksi4r3vc89e5a.jpg', '7d1b3cda7c7ddb57513a8bc2c11beff6', '106.42.243.192', '2016-09-28 13:47:25', '0', '', 3),
(274, 'o_1atnlbqu1tjj15gda1ct1f5tda.ico', 'ed161ffaa0908a83107310235e476100', '106.42.243.192', '2016-09-28 13:48:08', '0', '', 3),
(275, 'o_1atnlc81a1aed13pq15d31bhpdoa.jpg', 'fc8a7fdaaa99cfdf997df01c0557e92d', '106.42.243.192', '2016-09-28 13:48:27', '0', '', 3),
(276, 'o_1atnlkkf71p411hrh1lra26o60ka.jpg', 'ac38b99bcc79dda87a8344c7f7b5040b', '106.42.243.192', '2016-09-28 13:52:53', '0', '', 4),
(277, 'o_1atnllcam1hvk1vvf1k11851r9a.jpg', '77e1817152a0a8fb1232b9a9df46714f', '106.42.243.192', '2016-09-28 13:53:18', '0', '', 4),
(278, 'o_1atnm6ip9jn23fs1vvr1qgv181ba.jpg', '16e012acaa94089b528639e66b890d3e', '106.42.243.192', '2016-09-28 14:02:42', '0', '', 5),
(279, 'o_1atnm7rj81c0cn4o12dv10sa1bcua.jpg', 'fab019d2c63d89effbedf5743aaa1d97', '106.42.243.192', '2016-09-28 14:03:23', '0', '', 4),
(280, 'o_1atnmes0o512657hqcsbgsdta.gif', 'e5746928743fcc495771d052c13373b8', '106.42.243.192', '2016-09-28 14:07:13', '0', '', 4),
(281, 'o_1atnmg2i4bqthcr17gfng6dgga.gif', '5147a819e653a0e6a510ea6cb0c5f14d', '106.42.243.192', '2016-09-28 14:07:52', '0', '', 4),
(282, 'o_1atnmijc1136h8u91gs91ip3lq3a.gif', 'b0acbb2e642babb508b76030060bde05', '106.42.243.192', '2016-09-28 14:09:15', '0', '', 4),
(283, 'o_1atnmivir1ko19gc1qb5ms17gia.jpg', '7fac5cb765e387d9ef6ac25ac8443be5', '106.42.243.192', '2016-09-28 14:09:28', '0', '', 4),
(284, 'o_1atnmo0j71qfl1pgtnu15otgsva.jpg', '734ab5f301b7b77460c6921a8591b50f', '106.42.243.192', '2016-09-28 14:12:13', '0', '', 4),
(285, 'o_1atnn0ai3v6713mb1vsd1iib1unla.jpg', '27cb3307df557702fef93ee23e6d86d1', '106.42.243.192', '2016-09-28 14:16:50', '0', '', 4),
(286, 'o_1atnn82gr1kei29kpgh1ii317aba.ico', '3676c454c26b6fdd0c9240bfaa2b16f5', '106.42.243.192', '2016-09-28 14:20:59', '0', '', 2),
(287, 'o_1atnni3se12g24296qmhre4pna.jpg', '6f09e05dfa67e071fa7a3ddb17be2964', '106.42.243.192', '2016-09-28 14:26:28', '0', '', 2),
(288, 'o_1atnnkf92icm7at6b1cbq1fkca.jpg', '22186db0d683b721e81a76c5c119c8a4', '106.42.243.192', '2016-09-28 14:27:45', '0', '', 2),
(289, 'o_1atnprsjj185u2q7rlr1ebj11ida.png', '993cddd0a071b2315cb7619455ffe68b', '106.42.243.192', '2016-09-28 15:06:53', '0', '', 2),
(290, 'o_1atoci9c76q21nkj8on16ot1p4ba.gif', '6cf74d80de0cef2ca3b8a31bba9822d6', '171.14.18.152', '2016-09-28 20:33:34', '0', '', 2),
(291, 'o_1atoe3jq01kdv1jge1nh5484196la.gif', 'bbe2c688bb640d15da41c4204f4707bd', '171.14.18.152', '2016-09-28 21:00:30', '0', '', 2),
(292, 'o_1atofgilatk210mrf5ksan1l42a.gif', '1731396323177ccc8f377fbef16ca13b', '171.14.18.152', '2016-09-28 21:25:04', '0', '', 2),
(293, 'o_1atogcphp10lmeje16d71i3b8fa.gif', '7cf77a5a50bebcb84d0f03a17af63022', '171.14.18.152', '2016-09-28 21:40:28', '0', '', 2),
(294, 'o_1atohqqrkj0i1dni8qnatn1n2qa.jpg', 'a6e2be046169f875e139704cbee76a4f', '171.14.18.152', '2016-09-28 22:05:37', '0', '', 2),
(295, 'o_1atr51nu010h9ejd355177p133na.png', '7675d6966c5ff12c6279b1d9bf78266c', '106.42.246.151', '2016-09-29 22:19:56', '0', '', 2),
(296, 'o_1atr5f4hutmd10at9543treaa.jpg', '8015f2bee6d8b7dc6a153b0c9c37772f', '106.42.246.151', '2016-09-29 22:27:15', '0', '', 2),
(297, 'o_1atr5ls8e1jpk1emrp8r1o11alca.jpg', 'ecbb1180dc0c465845ee1ee46008717d', '106.42.246.151', '2016-09-29 22:30:56', '0', '', 2),
(298, 'o_1atr5sdqk24h15mc15g2s661gipa.jpg', '2e5a933bc59120c88a96e37c058ef5a2', '106.42.246.151', '2016-09-29 22:34:31', '0', '', 2),
(299, 'o_1atr636r0k9j3ms186u7f8tfha.png', 'c5a2ca79d1c69b1d0f8438a1d0df96f7', '106.42.246.151', '2016-09-29 22:38:13', '0', '', 2),
(300, 'o_1atr6bld35o41v6lbi81m3u1jaca.png', '29ef89c022065f11ffb10f93dbc59d98', '106.42.246.151', '2016-09-29 22:42:49', '0', '', 2),
(301, 'o_1atr6c51o1gok1d6m1d0c7amk3sa.png', '7efc0836e873dcbe6d3b7c91ac9822cc', '106.42.246.151', '2016-09-29 22:43:06', '0', '', 2),
(302, 'o_1atr6hnef18fr1bok1np7qqigga.jpg', 'f5d8c33ac2c94b3ff838199379715dec', '106.42.246.151', '2016-09-29 22:46:13', '0', '', 2),
(303, 'o_1atr6ruh7121v1ie2aa51k971mkaa.jpg', '5f869a5ec358e9f51146b6f2569d73a7', '106.42.246.151', '2016-09-29 22:51:43', '0', '', 2),
(304, 'o_1atr6sj1kmev1cu4dau6i71gpga.jpg', '921ba235cf171b423496b60874e5bec8', '106.42.246.151', '2016-09-29 22:52:04', '0', '', 2),
(305, 'o_1atr6ukvj1ev51i0mtsj1ihl1i0pa.jpg', 'a1fe38ab892225995a4bc9344434600c', '106.42.246.151', '2016-09-29 22:53:12', '0', '', 2),
(306, 'o_1atr73tlbsdi4mt1a1tgukir1a.jpg', '375232f684a0f088ac3e98d8928dcdc0', '106.42.246.151', '2016-09-29 22:56:07', '0', '', 2),
(307, 'o_1att84dhko356de1dq81fjd6dga.png', '2f0268e0be1566fdcc5f4d80c637089b', '106.42.246.151', '2016-09-30 17:52:20', '0', '', 2),
(308, 'o_1att87k221kfp1cj73061vt84vca.jpg', '500779e110ca00f0c2c408bdee8e9e34', '106.42.246.151', '2016-09-30 17:54:04', '0', '', 2),
(309, 'o_1att8um311mm71hth1dlb1f6npoha.png', 'baf959d684bb652d76fa10ddec7e749b', '106.42.246.151', '2016-09-30 18:06:46', '0', '', 2),
(310, 'o_1attai2g91hdlv16e6s1hvvbta.jpg', '84679a6cdfadd5763cc9557f441939fd', '223.74.142.228', '2016-09-30 18:34:48', '0', '', 2),
(311, 'o_1attp8fu49e7ils1dle18mc5kla.jpg', '72f41a3e5fb6c29e4513ce48ab4457bc', '223.74.142.228', '2016-09-30 22:51:43', '0', '', 2),
(312, 'o_tcfs22sr1gpekt93vctjbq9ia.png', '0789354054725e70a02b87aa612779d8', '36.149.107.51', '2016-10-01 16:07:59', '0', '', 2),
(313, 'o_tcfvb3r6147ree01jsk125m1ldoa.png', '50415c873837e50ec4146e2f862628cb', '36.149.107.51', '2016-10-01 17:04:31', '0', '', 2),
(314, 'o_1au1vvo6m1d39jrk3bqf2816l4a.png', '02e9d03fcf119b3295b85de3d9b44bca', '123.101.236.77', '2016-10-02 14:06:10', '0', '', 2),
(315, 'o_1au203q027pu10knrrqpiprn8a.jpg', 'd93830ced919360be18cfd6e6d233d6a', '123.101.236.77', '2016-10-02 14:08:20', '0', '', 2),
(316, 'o_1au20r83516912sp1uuudo1t16a.png', '0a290cf8d3ce69e66565022b43f63ca6', '123.101.236.77', '2016-10-02 14:21:09', '0', '', 2),
(317, 'o_1au2ad8f4oq91eohq8c17ku1fpoa.png', '1d3279b71a3cf3a5ce6dd0cc857e4d9a', '123.101.236.77', '2016-10-02 17:08:16', '0', '', 2),
(318, 'o_1au43hccu129rm2k4ep6ca53a.png', '49cd68121abe0de0c5b9ff5cb517a27b', '123.101.236.77', '2016-10-03 09:46:41', '0', '', 2),
(319, 'o_1au4491pt12nqb5co14cu2oufa.png', 'e449513e801344437696942a045c4214', '123.101.236.77', '2016-10-03 09:59:39', '0', '', 2),
(320, 'o_1au44l2rov1fob79jb99kfn9a.png', '80bb7bc6bb1fd18fd621ffa0c3e8eadf', '123.101.236.77', '2016-10-03 10:06:17', '0', '', 2),
(321, 'o_1au4511m2dn0dsvrrbca61d98a.png', '91e44fb452cfa13192f31a68cfc1a133', '123.101.236.77', '2016-10-03 10:12:44', '0', '', 2),
(322, 'o_1au45648cehrq3k1s2a1nnlkufa.png', '3b9b1c41551f00b3b366ea5e7541de4e', '123.101.236.77', '2016-10-03 10:15:30', '0', '', 2),
(323, 'o_1au45equppp93bjlec1aaq1flja.png', '0a551a1c7dce22a259ec38857313ce6b', '123.101.236.77', '2016-10-03 10:20:15', '0', '', 2),
(324, 'o_1au45p84fjom11pl1snl1jn53dba.gif', '8691375feed6873fedddf484e9f7786b', '123.101.236.77', '2016-10-03 10:25:56', '0', '', 2),
(325, 'o_1au4655k46sq34g1jbo7841i1ua.png', '78c4c9852d26f4a4ab4c4b2d30be678a', '123.101.236.77', '2016-10-03 10:32:27', '0', '', 2),
(326, 'o_tchlrsqo180qule12t2vnnikga.jpg', '6edd83060ecf338fc8178a68f2695a0c', '36.149.171.220', '2016-10-03 19:56:37', '0', '', 2),
(327, 'o_tchmbrkpoas1p1t1obct6e147ca.jpg', 'f92f7d47e4dc7cc184c3999af436159c', '36.149.171.220', '2016-10-03 20:05:13', '0', '', 2),
(328, 'o_tchorrmv1p0111bl19kr14h31jgmc.jpg', '3453b56ecec0ed10087a2549666c12ac', '36.149.171.220', '2016-10-03 20:48:21', '0', '', 2),
(329, 'o_1au5m2ir81m0t7831ipd18qg12lja.png', 'd8237678b98f5823002d99b1cdcfd33b', '123.101.236.77', '2016-10-04 00:29:55', '0', '', 2),
(330, 'o_1au5m35v36201tm41ragolh3qoa.png', 'd822b02d900114c3a8acdde8c459552b', '123.101.236.77', '2016-10-04 00:30:13', '0', '', 2),
(331, 'o_1auei662reqv1b3i16tulc21ep3a.png', 'a8789cc2b011b567dd912f68efd6812d', '123.101.235.161', '2016-10-07 11:15:09', '0', '', 2),
(332, 'o_1aueimd4f1tek505eu8pbi1krda.jpg', '586d9c064014b4eb75cc5135d775d638', '123.101.235.161', '2016-10-07 11:24:00', '0', '', 2),
(333, 'o_1aueiudn51ogn1kunl8214sir0va.png', '87e4c0f8a9ed6fc9540e31fe63ee06af', '123.101.235.161', '2016-10-07 11:28:23', '0', '', 2),
(334, 'o_1auev18vd1vut1k5016o1qil1oaga.jpg', 'dcca039185908cd54deae691664733ce', '222.79.171.185', '2016-10-07 14:59:36', '0', '', 2),
(335, 'o_1aui9oj6293glveb5n17q1g1ra.gif', '951f12b5159b156e3f93bafddb141573', '123.162.37.193', '2016-10-08 22:04:54', '0', '', 2),
(336, 'o_1auksf7ra1ks51ikhc7d2sg1au3a.jpg', 'cde8d4f1b75b740d448b499fd2c6e110', '110.203.175.172', '2016-10-09 22:10:12', '1', '4', 5),
(337, 'o_1auksjtom101o12b81p331865cbqa.jpg', '5d14b0aef129c36284df49cf77db33f2', '110.203.175.172', '2016-10-09 22:12:50', '1', '4', 5),
(338, 'o_1aun275ud1hbisgtvq91ktuncua.jpg', 'ddfe7ed986154bf4b7465b377f60c16a', '223.74.142.137', '2016-10-10 18:29:12', '0', '', 2),
(339, 'o_1aunbplmt1qdk4oo14s1a28hl1a.png', '9ad10cf58fbfb1d56c24d2b999ea277b', '171.11.113.27', '2016-10-10 21:16:36', '0', '', 2),
(340, 'o_1aunbsplt1v3t84s1s3u6ca1trla.png', 'e4d9be1481d46e01312b5c1a24d6a0d1', '171.11.113.27', '2016-10-10 21:18:21', '0', '', 2),
(341, 'o_1aunbtrc718pm9ir12g1177reuha.png', 'f12a86d7fba05c685e42785958d58bf9', '171.11.113.27', '2016-10-10 21:18:53', '0', '', 2),
(342, 'o_1aunbumim48q16lm12am1cc4113va.png', '9ab56f2ed1400d2170263127912914a0', '171.11.113.27', '2016-10-10 21:19:21', '0', '', 2),
(343, 'o_1aune4op0jdda2u8e31nn4rdea.jpg', 'd6e7be8ae1d822a6a0628700e4d979b1', '171.11.113.27', '2016-10-10 21:57:36', '0', '', 2),
(344, 'o_1aune5e201bs81ddv1i6a1d6b1bn5a.jpg', '9ec22533bb9ba634b74b007197946a3a', '171.11.113.27', '2016-10-10 21:57:58', '0', '', 2),
(345, 'o_1aune5uln176b92e657itv1j6qa.jpg', '4471af7583d0b111e650429b79f96295', '171.11.113.27', '2016-10-10 21:58:15', '0', '', 2),
(346, 'o_1auour616k3e1lg7fcg3m2t2ca.gif', '8d967d808da57d9b92e61d794ad86568', '123.54.63.180', '2016-10-11 12:08:42', '0', '', 2),
(347, 'o_1aupclkod1ivs5091s8qoegsqa.png', '426e96e5ae1ffc81eb1d6aa5759323d8', '223.74.142.24', '2016-10-11 16:10:21', '0', '', 2),
(348, 'o_1aupd71f016nu3k91lohh462pna.gif', '923794f610b93470f56b0df0ce47f8e9', '223.74.142.24', '2016-10-11 16:19:52', '0', '', 2),
(349, 'o_1aupg94nv5j3evj1a02r751r64a.gif', '29e9fb4536030265363632823c5b0f4b', '223.74.142.24', '2016-10-11 17:13:26', '0', '', 2),
(350, 'o_1aus61c861jr1h5c1oci1au616sra.jpg', '3b7295b4e19dc17d1e43bc0e2dd6799c', '223.74.142.24', '2016-10-12 18:12:10', '0', '', 2),
(351, 'o_1aus9p7kqtjf144lfm51m4017oua.jpg', '08d05f2b09c49c896f0fd9539e546840', '223.74.142.24', '2016-10-12 19:17:37', '0', '', 2),
(352, 'o_1ausa4uu11pj4sqk1g5td1f127ra.jpg', '08862cdb42735f219de4215263b8badd', '223.74.142.24', '2016-10-12 19:24:02', '0', '', 2),
(353, 'o_1av1rh75pq1l2bnen100i9kta.jpg', '70142a8b1eda7b9aa4e28a2292a74b52', '223.73.187.0', '2016-10-14 23:04:04', '0', '', 2),
(354, 'o_1av1rr643ap61q6thkp1n416f4a.jpg', 'f7f9c783e37550182e8761014d68cc98', '223.73.187.0', '2016-10-14 23:09:30', '0', '', 2),
(355, 'o_1av3akq071edt1a6hf47157t1t8ba.gif', '07b498df098427789331b65904bd95e5', '223.74.142.211', '2016-10-15 12:47:24', '0', '', 2),
(356, 'o_1av3ccn881fp3k2k8tlqmb8e0a.gif', '78e47dae526dd31ab1f4e3680433ad5a', '223.74.142.211', '2016-10-15 13:17:57', '0', '', 2),
(357, 'o_1av3ik7f3dkd1cf133j4qvsrma.gif', 'eeddcb4ac8cb5895fb96acc0a0be15c6', '123.162.54.28', '2016-10-15 15:06:53', '0', '', 2),
(358, 'o_1av3jvvh97vo1cclmpu17vd17nfa.png', '70d9c8478f5004f9b5b557c67f9b7e3b', '123.162.54.28', '2016-10-15 15:30:47', '0', '', 2),
(359, 'o_1av3kcns0e4ha561qn4k9510nia.gif', '663d60412dd8a463d36a4ed5aa2ce669', '123.162.54.28', '2016-10-15 15:37:44', '0', '', 2),
(360, 'o_1av3kehf0v5gdi0e1s185l16pta.gif', '006c2004cd1360b94c257725c591eac1', '123.162.54.28', '2016-10-15 15:38:43', '0', '', 2),
(361, 'o_1av3ki95o13d31msn4i7107c1sjea.gif', 'a4e9ea3f05ac38cc3f4c0bd2c85db6a0', '123.162.54.28', '2016-10-15 15:40:46', '0', '', 2),
(362, 'o_1av3kk0p41qrsv8gnd915o518ioa.gif', 'bb8fbeeb30658a575d1f46014f1d7dbe', '123.162.54.28', '2016-10-15 15:41:42', '0', '', 2),
(363, 'o_1av3kmlfkucg1suc1sc61t8j28aa.gif', 'c443b8fef61540ce552cb22414321426', '123.162.54.28', '2016-10-15 15:43:10', '0', '', 2),
(364, 'o_1av3knv8ha5g1crc1sg66iuinqa.gif', 'd829d37fbfb35ddc8fdc22639088c358', '123.162.54.28', '2016-10-15 15:43:53', '0', '', 2),
(365, 'o_1av3kqffaufsutug9j5vlmpla.gif', 'd80a5fb1b4c8f8c3fd360cc39240f9b3', '123.162.54.28', '2016-10-15 15:45:15', '0', '', 2),
(366, 'o_1av3kstf71g9c75n15e71jb71mv3a.gif', '94a582044bcd0ed8461c14244084be07', '123.162.54.28', '2016-10-15 15:46:35', '0', '', 2),
(367, 'o_1av5fi5o8154a1bavcr91igv113la.jpg', 'e2bf18ee5ffca57c9eac3bc74292edb8', '220.248.225.204', '2016-10-16 08:51:45', '0', '', 2),
(368, 'o_1avb2i244bpp1sk24q71t9pg1pa.png', 'd9a8cab1e9bfcc65cfef1ad7754af564', '1.196.83.85', '2016-10-18 12:59:57', '0', '', 2),
(369, 'o_1avb3241ichtor5o9ncb81hbea.png', '6b45cf36e0a6f1e9e7d03a686f7c07cd', '1.196.83.85', '2016-10-18 13:08:43', '0', '', 2),
(370, 'o_1avb32l1l1ahebp8og11dekujra.png', '240e7c848741dce62db9f51041deba2a', '1.196.83.85', '2016-10-18 13:09:00', '0', '', 2),
(371, 'o_1avb3e2hvd7i1tjej225181bhba.jpg', '044aab5bff2457feaed0e6078e2cf72d', '1.196.83.85', '2016-10-18 13:15:14', '0', '', 2),
(372, 'o_1avb3fht61mm59pkj4879oecca.jpg', '6f56a09171604061073fe5781daa643e', '1.196.83.85', '2016-10-18 13:16:03', '0', '', 2),
(373, 'o_1avb3hscv1cvudc51l8otbmfe2a.png', 'b8297fa2c8ff61857af1f0b5926bafd8', '1.196.83.85', '2016-10-18 13:17:21', '0', '', 2),
(374, 'o_1avb3iljqu665781kqn1pcffg4a.png', 'f7185918d92687042d4fb06d23c98950', '1.196.83.85', '2016-10-18 13:17:46', '0', '', 2),
(375, 'o_1avg1q3a21mqf1oi516j8jat76va.png', 'fd9b4fa973071aae5ea85f8f16461012', '115.56.36.166', '2016-10-20 11:22:57', '0', '', 2),
(376, 'o_1avg1sel2a7d19e41nbp1d05es2a.png', 'f49af888b8f207619f2335664aad5546', '115.56.36.166', '2016-10-20 11:24:23', '0', '', 2),
(377, 'o_1avkjdm57j0l194b48m125pmhha.png', 'bc8fbc60508f324174737ceca788d49c', '61.158.171.105', '2016-10-22 05:47:48', '0', '', 2),
(378, 'o_1avkkj09gbn3v3qau0rlv1n0qa.gif', '5bcba754ad6c7491be63553bdadfb2c6', '61.158.171.105', '2016-10-22 06:08:10', '0', '', 2),
(379, 'o_1avm31c552vd3k8sdoc8fjdra.jpg', '059c1e92e9c597bfbe9fff370be49875', '1.196.68.113', '2016-10-22 19:40:01', '0', '', 2),
(380, 'o_1avm36u332v7rgo1ocl45t7a6a.jpg', 'f419ea2b4b1eea95e80f8f240d82b6e1', '1.196.68.113', '2016-10-22 19:43:03', '0', '', 2),
(381, 'o_1avmo65at1kjf1tbi8qe1goa1mjff.png', '4be98c2cca5805458f666c03820f53de', '61.158.171.105', '2016-10-23 01:49:34', '0', '', 2),
(382, 'o_1avmo6tfdh10eic1pr5oet1ekva.jpg', '00cf1bfd7efa964944b1e1f7f337731b', '61.158.171.105', '2016-10-23 01:49:59', '0', '', 2);
INSERT INTO `sd_file` (`id`, `ming`, `key1`, `uploadip`, `uploadtime`, `cishuo`, `upuser`, `policyid`) VALUES
(383, 'o_1avmop4lu1ortm0n1a7613of1qnc.jpg', '8000b8f4c962fda742b5cd5c8abafaba', '61.158.171.105', '2016-10-23 01:59:56', '0', '', 2),
(384, 'o_1avmoqroa12iqe6b3qa1nbc1c4ra.jpg', '4ea0a3e198c2f6529f0b7a5b9dec1c24', '61.158.171.105', '2016-10-23 02:00:52', '0', '', 2),
(385, 'o_1avoe1etb1d861lpr5clfpt1o15a.gif', 'cd73efbca4fe04666ae2716cf2499772', '1.196.68.113', '2016-10-23 17:30:46', '0', '', 2),
(386, 'o_1avoldqkf13774jfr3m1ou587aa.gif', '7bc4ac47b5b86853a736c6eb4e59ffa9', '112.230.109.204', '2016-10-23 19:39:49', '0', '', 2),
(387, 'o_1avr06dpb1dkl7mn9ap144gccfa.jpg', '091d3408387319acea349c819e46b58a', '223.74.142.64', '2016-10-24 17:26:31', '0', '', 2),
(388, 'o_1avr1u1l1171uki1ja5pk91so5a.jpg', '371435f3d88ba9d7777aceccd7874c39', '223.74.142.64', '2016-10-24 17:56:53', '0', '', 2),
(389, 'o_1avtbquhb72so0sgi31p9q1csja.jpg', '1ae1f491ad20b88debf9453ad49182bc', '123.54.42.202', '2016-10-25 15:28:25', '0', '', 2),
(390, 'o_1avtbruaa1hbtoie1huok291b2pa.jpg', '18b0d4da3d77f5c387f911db49fcbb8b', '123.54.42.202', '2016-10-25 15:28:57', '0', '', 2),
(391, 'o_1avtcpqe31rh6ghh64j1kqv6g1a.jpg', '1f27391118743c24071521e63674afda', '123.54.42.202', '2016-10-25 15:45:16', '0', '', 2),
(392, 'o_1avtcqj131gkueme1jge1d4vjo2a.jpg', 'e78b3dd6f0372621ca9f2b0ea503856e', '123.54.42.202', '2016-10-25 15:45:41', '0', '', 2),
(393, 'o_1avtcrb4aofn1ava1tbupettk0a.jpg', '238ea8f891c0099ffa9daf867c8a2139', '123.54.42.202', '2016-10-25 15:46:07', '0', '', 2),
(394, 'o_1avtd0lk8lht1kfj1kh1cghaosa.jpg', 'd6ff526baad46b28f6a78c4eea6c616e', '123.54.42.202', '2016-10-25 15:49:01', '0', '', 2),
(395, 'o_1avteh148lnhee2mfikp1rvua.jpg', '140ece338c6583056b8605b3525194ac', '223.74.142.64', '2016-10-25 16:15:27', '0', '', 2),
(396, 'o_1avtf7j82rkc6tb1gv312sk19rra.png', 'b4dd9040c60c005681dbcd66e4aa7ee5', '123.54.42.202', '2016-10-25 16:27:45', '0', '', 2),
(397, 'o_1avtf9eacj6r4a31kfe14rhuiea.png', '1f6b969b37ea59a55bc5478608d0bba5', '123.54.42.202', '2016-10-25 16:28:45', '0', '', 2),
(398, 'o_1avtfke2d13fr4f61ev4674fd9a.jpg', 'fc40e3e87b6650f7185d9a913a385cae', '123.54.42.202', '2016-10-25 16:34:45', '0', '', 2),
(399, 'o_1avtflk9r5q11iga14lh19d31pj4a.jpg', 'a1c9968681bba61d63ca93323a6a15ca', '123.54.42.202', '2016-10-25 16:35:24', '0', '', 2),
(400, 'o_1avtfq8ii1bji12e09ncpqe1ghoa.png', '48ac7b01f3d424bbcdaa49fc52e31307', '123.54.42.202', '2016-10-25 16:37:56', '0', '', 2),
(401, 'o_1b0046v4tbjchah1all4f61085a.jpg', '6993fa25640f9665e2e709ce823646a1', '223.74.142.221', '2016-10-26 17:12:57', '0', '', 2),
(402, 'o_1b0090a0651rlgj9h14ebf3ma.jpg', 'f1fac68f3b899ede8811cd237627ef2f', '1.198.200.229', '2016-10-26 18:36:38', '0', '', 2),
(403, 'o_1b00goq1h11cc1m881n4qq2e1a52a.png', '341731a7b734c5b69a50a137bbe44e70', '222.51.52.208', '2016-10-26 20:52:11', '0', '4', 5),
(404, 'o_1b00gtnj3f271434ssdn2fotsa.jpg', '5611611dc9d4738773bb88a9465e990f', '222.51.52.208', '2016-10-26 20:54:53', '1', '4', 5),
(405, 'o_1b00gue0v12mm1c6m1r4jk1u1btqa.jpg', '7faa4013087d8af4bd90f80cb46f3aeb', '222.51.52.208', '2016-10-26 20:55:14', '0', '4', 5),
(406, 'o_1b00m0vnad662ad6srg99f9mf.jpg', 'aba15fb927917f5fffa4b63c10fceeee', '222.51.52.208', '2016-10-26 22:24:21', '0', '4', 5),
(407, 'o_1b00m8gtltt11498s0oa5d1ppda.png', '090b58348df229da91cda0d198c4eb91', '222.51.52.208', '2016-10-26 22:28:08', '0', '4', 5),
(408, 'o_1b02nnt1l9q41sg61sue17s61e8la.jpg', '14ed7b28dff97aeeecea846b17f394e9', '123.68.171.164', '2016-10-27 17:32:30', '0', '4', 5),
(409, 'o_1b048g9391oje1n9if1l16d06dua.png', '1ff3ba8eda4c8529eff2906a4ae1037f', '1.196.67.33', '2016-10-28 07:44:52', '0', '', 2),
(410, 'o_1b05u51ec1um8k3r9et1run1dp0a.png', 'b92872322b3bb2645abba19bb988b8d2', '223.74.232.98', '2016-10-28 23:22:30', '0', '', 2),
(411, 'o_1b0auoe2e3drfd1117kc1q1ebva.png', 'db899d3be7c9ff22f52d86cf09f5edf5', '27.155.243.18', '2016-10-30 22:09:10', '0', '', 2),
(412, 'o_1b0c11igd10u518rcaom1d3913b5a.jpg', 'fbbc40c9337e97eb9d03fbda4f998287', '123.54.41.175', '2016-10-31 08:08:25', '0', '', 2),
(413, 'o_1b0c1f1er1fi3l6v19h91ub41t8ra.png', '1a39ef7e3456336621ff25a845f0cdee', '123.54.41.175', '2016-10-31 08:15:48', '0', '', 2),
(414, 'o_1b0c5ipfv5391m3ahcnr3cccda.png', 'e5f9ccd66f4a78ef359f23aae6dc18d2', '123.54.41.175', '2016-10-31 09:27:43', '0', '', 2),
(415, 'o_1b0cosooftfjap0m03eh9108je.jpg', '39d7daacf4f503ea167cc7f9233a8e35', '220.248.225.203', '2016-10-31 15:05:13', '0', '', 2),
(416, 'o_1b0d1malh1rst1bpuosf17sfau3a.png', '4c7536005c1a6d2d88feea605060cc5d', '223.74.232.15', '2016-10-31 17:38:59', '0', '', 2),
(417, 'o_1b0dn857fkkltshork155t1ckia.png', 'a51f8f0c3371ba10c553eba872b52a62', '61.158.171.105', '2016-10-31 23:55:45', '0', '', 2),
(418, 'o_1b0doqc8h1rpktg51732p817f2a.png', 'a3fafdb29a1226241a0bad030ea720a5', '61.158.171.105', '2016-11-01 00:23:10', '0', '', 2),
(419, 'o_1b0ei6ab6bks1gik1iqn19a5o04a.png', 'f9034c64854fa5b7f041cc3a278d4232', '123.101.87.187', '2016-11-01 07:46:36', '0', '', 2),
(420, 'o_1b0feqok9aj9dnv1p8617necgla.gif', '56764ae29d66ce53983849d76ed668b8', '223.74.232.105', '2016-11-01 16:07:07', '0', '', 2),
(421, 'o_1b0fgp2jd8hf5iu16uvila1snha.png', '4330429727332eb0caebe000393ca4ac', '223.74.232.105', '2016-11-01 16:41:08', '0', '', 2),
(422, 'o_1b0fgume0pbii8t2fu1k0tm65a.gif', 'f292b8ad6f579b322023df0ae25417cc', '223.74.232.105', '2016-11-01 16:44:12', '0', '', 2),
(423, 'o_1b0fgvgtvndp173l1um61ic9b22a.gif', 'fedcd4f6c84f7024b8a5f1c6571129aa', '223.74.232.105', '2016-11-01 16:44:39', '0', '', 2),
(424, 'o_1b0fh6bhphqp1jq8ok8el71uf9a.gif', '644967c28f56c05a077333469234c8d1', '223.74.232.105', '2016-11-01 16:48:24', '0', '', 2),
(425, 'o_1b0gouqvb1ip7jr1qlt1kih2uga.jpg', '2332d971d60b1fee52e58b8107939680', '171.12.219.167', '2016-11-02 04:23:20', '0', '', 2),
(426, 'o_1b0gqc4glal3qe1pv1sqh1skoa.jpg', '503d3b8435aff87a588dc5106c0a3196', '171.12.219.167', '2016-11-02 04:48:04', '0', '', 2),
(427, 'o_1b0gqkrq21hmd1vqe11531li6187ua.jpg', '26deda13cdbb7a8980c8c88b3eee5a23', '171.12.219.167', '2016-11-02 04:52:50', '0', '', 2),
(428, 'o_1b0gr2k9akakae11jad15o06jra.jpg', 'b5ad6be149bb76fb20f8c74096ecee4d', '171.12.219.167', '2016-11-02 05:00:22', '0', '', 2),
(429, 'o_1b0gr35rk2la9h31tvo1bbqs8ha.jpg', '6dac8cd295089e4311fd3fb923a05438', '171.12.219.167', '2016-11-02 05:00:38', '0', '', 2),
(430, 'o_1b0gr5uviabd1iufvm513lo1hffa.jpg', '886ce6bf8c568430022930cc195d012e', '171.12.219.167', '2016-11-02 05:02:10', '0', '', 2),
(431, 'o_1b0gr6jl81egfv8b1rv9d7ibfta.jpg', 'dbdb7717346c40d9b3b104df66a1d8d2', '171.12.219.167', '2016-11-02 05:02:31', '0', '', 2),
(432, 'o_1b0grcd1510kg18qp1s4m1luhqjca.jpg', '6e5f3f56687efa33fb37e3900aeba947', '171.12.219.167', '2016-11-02 05:05:41', '0', '', 2),
(433, 'o_1b0grn9g81urv721fdj15q44ema.jpg', '11f570873c061d9331c63b5d51359098', '171.12.219.167', '2016-11-02 05:11:38', '0', '', 2),
(434, 'o_1b0gsg8c21bpr1o7pdt1aoj1grna.png', '370120e8fb62e9750dd39a11a29069ae', '171.12.219.167', '2016-11-02 05:25:16', '0', '', 2),
(435, 'o_1b0gsh7p1i4s9u81mv911bs1hhma.png', 'd9ccfd974992f5f33f2a275de9544e4d', '171.12.219.167', '2016-11-02 05:25:48', '0', '', 2),
(436, 'o_1b0gtaa6bu5p1tsuc874g19ica.png', '7a637ff421406951cff9fd6305763f42', '171.12.219.167', '2016-11-02 05:39:30', '0', '', 2),
(437, 'o_1b0gvqvg81dvl1j5c1eun1k8pf7a.png', 'dcd2082cc5da6b8ec5db3e363b95a9bc', '171.12.219.167', '2016-11-02 06:23:31', '1', '', 2),
(438, 'o_1b0rfkln81v379pu5glhehsiea.png', 'c6c402efd99d53dcf277eb6b769db126', '123.101.69.97', '2016-11-06 08:12:08', '0', '', 2),
(439, 'o_1b0rfr1708s61qb9kaglo41m44a.png', '22ab425238dcd3391789821b156cc5de', '123.101.69.97', '2016-11-06 08:15:34', '0', '', 2),
(440, 'o_1b0rg1mea18c41so610rg18r9ltla.png', '24c893eb1319925120e1965ebafe9841', '123.101.69.97', '2016-11-06 08:19:13', '0', '', 2),
(441, 'o_1b0rgghld162cj5os7m1omebg4a.png', '7bde9d2ce47b416b1ab374a0ad22281b', '123.101.69.97', '2016-11-06 08:27:19', '0', '', 2),
(442, 'o_1b0rgi76kn60rn212l0rq01egga.png', 'ec8ff001be42ce205c5902125841d939', '123.101.69.97', '2016-11-06 08:28:14', '0', '', 2),
(443, 'o_1b0rhgu9rmsdk691hce1j9s54fa.png', '144ebd6c2b902b9a88dbfc8a24e7c95d', '123.101.69.97', '2016-11-06 08:45:01', '0', '', 2),
(444, 'o_1b0rhkpbqk0def78a836uh4ca.png', '354e3b94a20f41d63c735508ffe19a7b', '123.101.69.97', '2016-11-06 08:47:07', '0', '', 2),
(445, 'o_1b0ri3oiqq3k1ot9qu8fki1r32a.png', 'd7da4d27b6b2db20ce36b2e0ded9358d', '123.101.69.97', '2016-11-06 08:55:18', '0', '', 2),
(446, 'o_1b11h4naekjt1ojf38r19s43ipa.gif', '5f17ed77b261a3339af5d118428c8c89', '223.74.232.113', '2016-11-08 16:33:50', '0', '', 2),
(447, 'o_1b138bth01vvkc1552h1rgc1n9ca.jpg', '1e52bbd85b4c57466b5a0a7695e9bbb1', '123.162.41.227', '2016-11-09 08:38:56', '0', '', 4),
(448, 'o_1b138knfk17na1el4v4t1spsl3ua.jpg', '1f1383231138c96f1f25fbdb8cdea376', '123.162.41.227', '2016-11-09 08:43:44', '0', '', 4),
(449, 'o_1b138nk0ufe1ua2dqpfsqvr5a.jpg', '6a12c8f2ca8652b820f265b76dc707ca', '123.162.41.227', '2016-11-09 08:45:34', '0', '', 4),
(450, 'o_1b138rojupehdgg1dn21dj9ibea.jpg', '2d4d5397fa78e1d5a0d5e720e0f92475', '123.162.41.227', '2016-11-09 08:47:35', '0', '', 4),
(451, 'o_1b1391fqa1m5o1mr61av0178apcla.jpg', 'ff53dfd2e73aab5c40408b3cca241b24', '123.162.41.227', '2016-11-09 08:50:43', '0', '', 4),
(452, 'o_1b1398tm6osmf5ua8aro2ih6a.jpg', 'deac8e88a2a597ea75fba24e41f6e743', '123.162.41.227', '2016-11-09 08:54:46', '0', '', 4),
(453, 'o_1b139ajsa1hb3jjqilp3c31d6oa.jpg', '351b75d9e48217587ab399ba4ee68aa4', '123.162.41.227', '2016-11-09 08:55:42', '0', '', 4),
(454, 'o_1b139j83tg1g1ls615ta1oimd8qa.gif', '01e594f2085cacb2aba6c4e9fd9629d5', '123.162.41.227', '2016-11-09 09:00:25', '0', '', 4),
(455, 'o_1b139kg411k0rh551lh61gd3hr1a.gif', '229d5d6ae00732c8b543ddce76cc8269', '123.162.41.227', '2016-11-09 09:01:06', '0', '', 2),
(456, 'o_1b13ioq0013eb1c131bjq11711jlda.png', '42c4a0d14cf5c9887da7ff07293c3421', '123.162.41.227', '2016-11-09 11:40:44', '0', '', 2),
(457, 'o_1b15tm5pbidlivv1f26pba1gqoa.png', 'cbea74c62cac690764bbff22f4c359c6', '123.162.54.28', '2016-11-10 09:30:04', '1', '', 2),
(458, 'o_1b16nac573h3na2aaf1qlgl7ja.jpg', '7eb4a2b3d98da663ed76ecb66c89e8ca', '223.74.232.42', '2016-11-10 16:58:01', '0', '', 2),
(459, 'o_1b16njnnr7pb1a311uvk1r2r178ua.jpg', '9e38c231eac25b81422c68f7e08353bb', '223.74.232.42', '2016-11-10 17:03:07', '0', '', 2),
(460, 'o_1b16nm6ug15qi11eorho1m94pgca.jpg', '6fe70fe8b7ee37164b919d91ab00bbc0', '223.74.232.42', '2016-11-10 17:04:28', '0', '', 2),
(461, 'o_1b16nobev1337c48ctv1vtt4joa.jpg', 'b1f99c342f8a294ce069872fc5abf7ff', '223.74.232.42', '2016-11-10 17:05:38', '0', '', 2),
(462, 'o_1b16npibpn3uiv8a0p1ufcvi6a.jpg', 'd020928b42e725c15c01c5eed367952e', '223.74.232.42', '2016-11-10 17:06:18', '0', '', 2),
(463, 'o_1b16nsop6c4b1dun65n1or0o4ua.jpg', '45081879f87488bb51539a85290eda51', '223.74.232.42', '2016-11-10 17:08:03', '0', '', 2),
(464, 'o_1b16ntbatt411aup1c512r11e7oa.jpg', 'a9e9a090da429294acc3534897681484', '223.74.232.42', '2016-11-10 17:08:21', '0', '', 2),
(465, 'o_1b16ntovcnfq173n2lc14ch14sca.jpg', '0daf8e2cc1b6f49aa62dcfef2f98d8ad', '223.74.232.42', '2016-11-10 17:08:35', '0', '', 2),
(466, 'o_1b18aqo8k1fg3m971je11nas1p4qa.png', '4c70a539ff6f84abc2109d852f01f822', '223.104.34.121', '2016-11-11 07:58:12', '0', '', 2),
(467, 'o_1b199bom63n6klhogh1d8a19e8a.gif', '028c75e628ebf96c731daca7d9388971', '223.74.232.42', '2016-11-11 16:51:50', '0', '', 2),
(468, 'o_1b1bgeols16lv64i19ae1a5j1omia.png', '5ac3277a7a07246eb21ac530de3e1721', '112.67.227.122', '2016-11-12 13:34:30', '0', '', 2),
(469, 'o_1b1bj4ud71534145mobl1gm1f23a.png', '346f586a94b5f6f61ccbe025f4a80e6a', '113.86.34.189', '2016-11-12 14:21:17', '0', '', 2),
(470, 'o_1b1ej4n7t1ah6gbl1ht4qkk1co5a.png', 'ac43f84ed6d950c66dd5324660f6c550', '223.74.232.19', '2016-11-13 18:18:53', '0', '', 2),
(471, 'o_1b1f3c4mk1a9rj171ltuo51pc0a.jpg', '1ee38a61821b53674ce8b3ff6d610d70', '61.158.171.105', '2016-11-13 23:02:33', '0', '', 2),
(472, 'o_1b1k3acmrih2hlo1hrl1hdp26ba.png', '25b80279e435129fbb2c8e27b96d2f64', '115.60.87.242', '2016-11-15 21:38:11', '0', '', 2),
(473, 'o_1b1m4vfe567b1036n8t4u913vra.jpg', '671433b93e26707c56af4923040e7fd1', '123.162.43.26', '2016-11-16 16:45:18', '0', '', 2),
(474, 'o_1b1m50arp1001jr81lhmjlhs7ta.png', '946601aea06216f272303e5a97028090', '123.162.43.26', '2016-11-16 16:45:48', '0', '', 2),
(475, 'o_1b1m9svqms831e2912n21shs1qjaa.jpg', 'b5686d657770297c765758b051741e89', '123.162.43.26', '2016-11-16 18:11:20', '0', '', 2),
(476, 'o_1b1ma4mos1sc5rrg2o01m58kd4a.png', '161cfe60d95e404764a2ab149df3513f', '123.162.43.26', '2016-11-16 18:15:31', '0', '', 2),
(477, 'o_1b1olqhahroo4pm5i1oof1gmna.png', 'de392bec0616abb495e606195c8266e6', '1.196.65.66', '2016-11-17 16:18:11', '0', '', 2),
(478, 'o_1b1plcaqc16rfras15lptsjofa.png', 'd7ed1075e9c317b0220e695b49ea4826', '61.158.171.105', '2016-11-18 01:29:37', '0', '', 2),
(479, 'o_1b1plevtjd5m1te6502q3phfca.jpg', '670991c1625fbc5a8abb337485deee2c', '61.158.171.105', '2016-11-18 01:31:02', '0', '', 2),
(480, 'o_1b1plrgji1noo1gc527k1hgl8v9a.png', 'a9c607c643755a5f24a591e3845df463', '61.158.171.105', '2016-11-18 01:37:52', '0', '', 2),
(481, 'o_1b22r54nrho8m1v1qbo56e8hoa.gif', '213cdaa96f6491e2ca59d92e110ec2c9', '121.207.98.120', '2016-11-21 15:03:43', '0', '', 2),
(482, 'o_1b22r976d1jpl19ublgc12dbm2ia.jpg', '7570512fae7fc54b92c1d868ac46465f', '121.207.98.120', '2016-11-21 15:05:56', '0', '', 2),
(483, 'o_1b22rbang10sj8ni170q16pk1dm7a.png', '79ed3bb626eb963dff2e3b60911cb5e1', '121.207.98.120', '2016-11-21 15:07:05', '0', '', 2),
(484, 'o_1b22rck9116a0185r1drpjd1cdia.jpg', '511f5fe0eab4250ba953ac7763b841b6', '121.207.98.120', '2016-11-21 15:07:48', '0', '', 2),
(485, 'o_1b22rhtg31uo51v8v19mco901tosa.jpg', 'c12cf17fcd134d1e27dcc1d597a1abe5', '121.207.98.120', '2016-11-21 15:10:41', '0', '', 2),
(486, 'o_1b235nnkb1kfv6osdfhfens81a.gif', '983bce174e009f16b65d57437736ee37', '223.74.232.55', '2016-11-21 18:08:40', '0', '', 2),
(487, 'o_1b236g6kvpi614kl1c7g1tbghkva.jpg', '245f5a9e83f13ad2b8a21926c6e8678f', '121.207.98.120', '2016-11-21 18:21:58', '0', '', 2),
(488, 'o_1b236gceg3q1u78sho13tuhura.jpg', 'ef538adb856064e4f6d7952da483985c', '121.207.98.120', '2016-11-21 18:22:04', '0', '', 2),
(489, 'o_1b2658pdj15934811hesvedjtja.png', '98f8ce6249637d47fa49748904d3ab7a', '121.207.98.120', '2016-11-22 21:58:09', '0', '', 2),
(490, 'o_1b265e75ge0l1k4s170u3kv1cofa.gif', '14cab8fd594d614fb67a24d8fd25eba9', '121.207.98.120', '2016-11-22 22:01:07', '0', '', 2),
(491, 'o_1b284nrfgcjj1q37g8jc001gl1a.png', 'df6066cb4ceffbebcb85eeb5c1f0ceec', '60.176.117.55', '2016-11-23 16:26:23', '0', '', 2),
(492, 'o_1b2b03m2m1a86o5c1g38dq819eua.jpg', '4bf3e4896c4db48c3003d33f37de83ad', '171.12.213.202', '2016-11-24 19:04:19', '0', '', 2),
(493, 'o_1b2b06qcqufa1a6up7e185o1ga1a.jpg', 'cc21ab70857ffedc806c28dc0fb0a3c2', '171.12.213.202', '2016-11-24 19:06:00', '0', '', 2),
(494, 'o_1b2b07mkgjf2ps16q91iun1biha.jpg', 'c67435f44798bc105608c5fe6cf46f15', '171.12.213.202', '2016-11-24 19:06:29', '0', '', 2),
(495, 'o_1b2bn1f4m1s67cr710k0894eava.png', '8700fd37e875eb82aa3c2399e7608db3', '61.158.171.105', '2016-11-25 01:44:58', '0', '', 2),
(496, 'o_1b2bnt089b5k167jv941hsca4la.jpg', 'dedbc4217253c85e0296a72096ce1822', '61.158.171.105', '2016-11-25 02:00:00', '0', '', 2),
(497, 'o_1b2bo6ivapsj1p561i0rj81oj7a.png', 'f7517f891971e71ac1758ce4bb14cad8', '61.158.171.105', '2016-11-25 02:05:14', '0', '', 2),
(498, 'o_1b2boi5l71n6uen1k95gmlbofa.jpg', 'b8b93e40b5a88363f45b2f393af19f57', '61.158.171.105', '2016-11-25 02:11:33', '0', '', 2),
(499, 'o_1b2boilqt1em05ot3um17ltbfva.jpg', '4d7b4d5d1687a76bd8e246f1b9ed8f9e', '61.158.171.105', '2016-11-25 02:11:49', '0', '', 2),
(500, 'o_1b2boprsp15671m2qg8inmui3a.jpg', '3c695965d592533420e9f6a476ed0e45', '61.158.171.105', '2016-11-25 02:15:45', '0', '', 2),
(501, 'o_1b2ffiuu45651ne4vqee21omqa.png', 'a805527aec5e621e79ebdc27d8d31c6e', '123.162.14.74', '2016-11-26 12:51:47', '0', '', 2),
(502, 'o_1b2ghadt51melvsc16au1jpq1na6a.png', '51f04e9fee605528d15608f4f74f6c1e', '121.207.97.12', '2016-11-26 22:41:05', '0', '', 2),
(503, 'o_1b2ghe69avv21r2411mja0o1rr7a.jpg', 'fda22ecbf45eb1e3b2f85f614dafd796', '222.217.198.231', '2016-11-26 22:41:50', '0', '', 2),
(504, 'o_1b2ghvbhl67b9cs1lv21nv1ek0a.png', '138b529d964609f9bc8a76326a62bdc2', '222.217.198.231', '2016-11-26 22:51:12', '0', '', 2),
(505, 'o_1b2gibnbdlhcdj8bmj1nt1s3ta.png', '8b2718b01c72b26fd5770ef06c691ad6', '222.217.198.231', '2016-11-26 22:57:57', '0', '', 2),
(506, 'o_1b2h6un601stv1v4910iq1p15141ga.jpg', '52a70e546cfd6664d807372afa5e2507', '222.89.241.73', '2016-11-27 04:59:15', '0', '', 2),
(507, 'o_1b2h7q8it1824v2v1nam1spll2a.png', '4c05641e54cfefe84bbf14675f0d8727', '61.158.171.105', '2016-11-27 05:14:18', '0', '', 2),
(508, 'o_1b2ipfjhmniphihtm2r91ka8a.png', '6e10faeac8bf4aaf3d63636a0cf2ad64', '171.11.115.212', '2016-11-27 19:42:17', '0', '', 2),
(509, 'o_1b2iroleb144lnnq16d08qf1s1la.png', 'c099713bcc31a322566a5e972d8241f6', '171.11.115.212', '2016-11-27 20:22:11', '0', '', 2),
(510, 'o_1b2ojmm0t19f53a0np31f8sil2a.png', '72b4eb9cdea2fc1cd815087714a7f799', '123.162.11.179', '2016-11-30 01:56:48', '0', '', 2),
(511, 'o_1b2uhqn9b1q5uq031gqhteobnqa.png', '741391de7f97e6200cb07154c422765e', '123.101.89.56', '2016-12-02 09:19:31', '0', '', 2),
(512, 'o_1b2uotqcdvve7d31dt9rpi1r3ga.png', '0bde48bbe1d9501edc75a397fcee29df', '123.101.89.56', '2016-12-02 11:23:32', '0', '', 2),
(513, 'o_1b2upbis214jg1iv7dfpvon1t5qa.jpg', '7c70dd77caa8c813f6cb729e2d3164e3', '123.101.89.56', '2016-12-02 11:31:04', '0', '', 2),
(514, 'o_1b2upiki212ih1k7s86317q8s30a.jpg', '36bd981fbc047e7ceebd57fd38bda5bb', '123.101.89.56', '2016-12-02 11:34:55', '0', '', 2),
(515, 'o_1b2us6nfk3m5ls3s2q1ulu5nqa.png', 'd191c0f33a4020b6251b735da68474df', '123.101.89.56', '2016-12-02 12:20:55', '0', '', 2),
(516, 'o_1b3194u9b1bv6163e1gt7b0v1995a.gif', '46d0e051b2e337eddbf1d3e3e2a93eb4', '123.101.89.56', '2016-12-03 10:45:27', '0', '', 2),
(517, 'o_1b319k90padp1f4eancba7c5va.png', '30d3d2e6113b68a0ce5c13e887557510', '123.101.89.56', '2016-12-03 10:53:49', '0', '', 2),
(518, 'o_1b31co2lo1b9q1lr7bind8j37aa.gif', '8f167b4e2b3798e75374986348f6b04d', '123.101.89.56', '2016-12-03 11:48:20', '0', '', 2),
(519, 'o_1b31kn1ll1d931g2m189m114bq41a.png', '4a38b16fa393277fc7dd69511c5607fb', '123.101.89.56', '2016-12-03 14:07:35', '0', '', 2),
(520, 'o_1b31lbboi15mm1hk56oj2m8mb3a.jpg', '00cf210aad2ccac531eb7aeb6c2fef96', '123.101.89.56', '2016-12-03 14:18:41', '0', '', 2),
(521, 'o_1b31ljsvm11nf1hsk1995ime19fif.jpg', 'fe9fe7fb1d0919581680b138603b5fde', '123.101.89.56', '2016-12-03 14:23:29', '0', '', 2),
(522, 'o_1b31m1tkb6f017gg163bcf31sf6a.jpg', 'e15e0c9b32b341fe1e45f9d28c33af37', '123.101.89.56', '2016-12-03 14:30:59', '0', '', 2),
(523, 'o_1b31m657q1p5k1o4h1ad71jcaevoa.png', 'ee2f223abfc0e3a12c50238a37eb6904', '123.101.89.56', '2016-12-03 14:33:19', '0', '', 2),
(524, 'o_1b31mg6j6lr4mqt1i00jsg1hn5a.png', '8822006229ff0806b4abe5d23ba2b1e2', '123.101.89.56', '2016-12-03 14:38:47', '0', '', 2),
(525, 'o_1b33tca6m5fhs1i1ps41u0218nra.png', 'fbc88d7bd2f4932bd491159326125c85', '123.162.51.70', '2016-12-04 11:17:31', '0', '', 2),
(526, 'o_1b346pbjlp2a1dsi1q2i1e191nfla.gif', '3beb5f9b98f89583de6140c989d4117e', '123.162.51.70', '2016-12-04 14:01:56', '0', '', 2),
(527, 'o_1b37e3pfi1p571lnl3311o9k144jc.ico', 'c98c7ca0376579460e048a7b2beabdc2', '1.205.48.109', '2016-12-05 20:07:42', '0', '', 2),
(528, 'o_1b38aevscvbp134f1q34180g1b9sa.gif', '389b8a07416ea27950194806972ec4ea', '1.196.77.92', '2016-12-06 04:23:14', '0', '', 2),
(529, 'o_1b3dudnjop6uj8h1nod1g9nj7va.jpg', '3189c52f953c2d09a12dbd2bad470d54', '1.196.77.92', '2016-12-08 08:48:12', '0', '', 2),
(530, 'o_1b3duia591lt9kra3n1d11fa5a.jpg', '26d3a5045e90e43b9f8c5ac2450eece8', '1.196.77.92', '2016-12-08 08:50:44', '0', '', 2),
(531, 'o_1b3j3f5litd7dq16oeso81ggia.png', 'c3f071ff2635dbb0f059b0b7c44b93a4', '117.24.219.61', '2016-12-10 08:52:28', '0', '', 2),
(532, 'o_1b3j5smfnavr19d110tlgqm1ncta.gif', '038b22c88ce92096651b58689469c5cf', '36.99.169.172', '2016-12-10 09:34:56', '0', '', 2),
(533, 'o_1b3m65isb1hgtq6lm973d3sq7a.png', 'f428565b8aee6a1657037d1f9309b466', '183.6.231.2', '2016-12-11 13:37:26', '0', '', 2),
(534, 'o_1b3m67hca1mlurcpn211vsp1ld4a.jpg', '8eebf7d3c7fdd99912303e7230a9a4bb', '111.73.157.190', '2016-12-11 13:38:31', '0', '', 2),
(535, 'o_1b3ndnrmmklh126p8274gf2dfa.png', '7ed7a758c776d419f9fcf1f0cb1a6453', '112.228.70.137', '2016-12-12 01:09:02', '0', '', 2),
(536, 'o_1b3ohlvms18o917gg1fh71k5b1phna.png', '5d5b378fb9bf07522da1a052ba702b10', '171.12.212.213', '2016-12-12 11:37:10', '0', '', 2),
(537, 'o_1b3omkkf7v9tkbh1263c6bpgha.png', '9b0fd4c7f63819e54741d0b461c6c27a', '115.231.154.163', '2016-12-12 13:03:47', '0', '', 2),
(538, 'o_1b3oml3t9tmo32qfk146h10f6a.png', 'ff96c4e9adf0df0786ca48e0e8e07a70', '115.231.154.163', '2016-12-12 13:04:01', '0', '', 2),
(539, 'o_1b3phrcdpbm6124515ae1bfn1l9aa.jpg', '30c612387e360eea92c4a207ab9f343d', '117.24.219.61', '2016-12-12 20:59:16', '0', '', 2),
(540, 'o_1b410anj81tnn6qm11n51oio1fapa.png', 'd606b693f45ff1302fe3b479654af036', '106.42.243.66', '2016-12-15 18:27:03', '0', '', 2),
(541, 'o_1b4152j4h1eg51hvebrhvsf1tjua.jpg', 'cfce5e5a16557637226b3942714815f1', '106.42.243.66', '2016-12-15 19:49:59', '0', '', 2),
(542, 'o_1b41jt3ag1ar815v11tulatstnna.jpg', '31fc22005d44cd86c5dbe823bb458f33', '106.42.243.66', '2016-12-16 00:09:12', '0', '', 2),
(543, 'o_1b43ebcq419r9992rlamdh3k0a.png', '75bd8641620a30f63dee622bda9e87a0', '36.99.170.58', '2016-12-16 17:10:37', '0', '', 2),
(544, 'o_1b43ehr4u13bu1hkn31t9mp2ksa.png', '93ba220afef8f2f43bae03b2fa793e85', '36.99.170.58', '2016-12-16 17:14:08', '0', '', 2),
(545, 'o_1b43eil6g1pt11utk1pbu16ugm7ha.png', 'dece7a09f252a175d65b5e6f91893aee', '36.99.170.58', '2016-12-16 17:14:34', '0', '', 2),
(546, 'o_1b43ent1sjhi12nugl7svu18v7a.png', '711631a78c7db82976cb5894e675a430', '36.99.170.58', '2016-12-16 17:17:27', '0', '', 2),
(547, 'o_1b43f3ibvuteffh1r02j2k186a.png', 'd571894cb3721dad9429cad0258f97c3', '36.99.170.58', '2016-12-16 17:23:48', '0', '', 2),
(548, 'o_1b45ba7si6ffvm014s0b9619j9a.gif', 'e114be7aaeff6d723b93e5cd192f8822', '117.21.190.254', '2016-12-17 10:55:27', '1', '4', 5),
(549, 'o_1b45qsio21q1nlt6j9njtv14qga.jpg', '1b1d0d175995311167e03dccf7447565', '36.99.170.58', '2016-12-17 15:28:13', '0', '', 2),
(550, 'o_1b48deltahao1nnbp3r31e1qr8a.png', 'dce9b87327a770116020365908bec1c4', '171.11.119.247', '2016-12-18 15:31:06', '0', '', 2),
(551, 'o_1b4d90h94qdnu6i1eduaqeq8ba.jpg', '62e574a2e562f0ca15bb6b1468179620', '106.42.242.146', '2016-12-20 12:49:42', '0', '', 2),
(552, 'o_1b4fto8p2dfb11cs7utgtoseka.jpg', '044b69abd3a591e03c5fdb145bc7c3d1', '123.101.89.93', '2016-12-21 13:30:41', '0', '', 2),
(553, 'o_1b4fvthv21hjvmbu7m01jou10e6a.jpg', '8d813143cea30f7d37fbb51f74779ca8', '123.101.89.93', '2016-12-21 14:08:32', '0', '', 2),
(554, 'o_1b4fvugiilml19eq1tse19oh1uema.jpg', 'd4840fe8517803a6258286739726c275', '123.101.89.93', '2016-12-21 14:09:03', '0', '', 2),
(555, 'o_1b4fvva787c15mo1q7dc4bp1sa.jpg', '8ba13d23a344995863f95fdb19de710f', '123.101.89.93', '2016-12-21 14:09:28', '0', '', 2),
(556, 'o_1b4fvvruivnhksv16lu1e0qa.jpg', 'f0a208691119e025a943dfeae41c9dc6', '123.101.89.93', '2016-12-21 14:09:47', '0', '', 2),
(557, 'o_1b4nui27paq61ptq1g2018ddgd8a.png', '777ac27ee39758f1d684a4a5b6b45308', '123.162.51.230', '2016-12-24 16:19:03', '0', '', 2),
(558, 'o_1b4nuv1eu1mi310ak34itig23a.png', 'e44dab61cb372c564cd035d297374701', '123.162.51.230', '2016-12-24 16:25:46', '0', '', 2),
(559, 'o_1b4otfhl55np1el51onj1m32gkaa.jpg', 'bba320fe036cc9b4a258ff6ca26913d6', '183.140.107.169', '2016-12-25 01:19:08', '0', '', 2),
(560, 'o_1b4r0a6uk8bp1sce1rl6u1m1b6ra.jpg', '5e764b0a06a34839fb52738b67e915e6', '123.162.51.230', '2016-12-25 20:47:06', '0', '', 2),
(561, 'o_1b4r0cb2b11dc178gd6h49bu0a.jpg', 'f5be91c45f61562ef90a54e4090cc63d', '123.162.51.230', '2016-12-25 20:48:15', '0', '', 2),
(562, 'o_1b50mqmmg1okm1gh11t7h18b41t2qa.jpg', '8c30c0722c88fb10a80efc2debe3c950', '222.89.241.73', '2016-12-28 01:56:43', '0', '', 2),
(563, 'o_1b50mss0m1na31pfo8ut5hr1e9na.gif', '947d497d4806d0d4b653e84a35479d78', '222.89.241.73', '2016-12-28 01:57:54', '0', '', 2),
(564, 'o_1b50n4la91fn54kp2231ov8nvla.png', '90e6a73fc77aa23976d79bb41b10d955', '222.89.241.73', '2016-12-28 02:02:09', '0', '', 2),
(565, 'o_1b50nepoa1fdc1bl91f9qmnoo8ca.jpg', '48da2b6c99a93ba81d5790241dd4d0df', '222.89.241.73', '2016-12-28 02:07:42', '0', '', 2),
(566, 'o_1b50phvde4qa15lafip140uu3pa.png', 'f38144d3b05e222c9c2e4e94b4028ae5', '222.89.241.73', '2016-12-28 02:44:23', '0', '', 2),
(567, 'o_1b57b3njt33dhn6nhu1j4icona.png', 'b9b214f55556e8e5400abef6d4a84ea6', '106.42.242.178', '2016-12-30 15:46:45', '0', '', 2),
(568, 'o_1b583e6n11mhb1tb8p93ike1u6ma.jpg', '9385544a16a1df60c83a65f06bf6de0f', '36.99.172.49', '2016-12-30 22:51:54', '0', '', 2),
(569, 'o_1b5ac230i94c1p91lhmvj111kc.jpg', '79a4e152cd2eaa3365bb451e5d367fea', '1.83.112.144', '2016-12-31 20:00:56', '0', '', 2),
(570, 'o_1b5ac4gii1jtr5mbaen10ehuhrc.jpg', '5542fd3e368eca026bc481aa28b3ba54', '182.120.171.2', '2016-12-31 20:02:16', '1', '', 2),
(571, 'o_1b5ac59eu1k2211ju8efnfe1qfra.jpg', 'f0e0aeec8a34257536f8b2fb29920b38', '182.120.171.2', '2016-12-31 20:02:40', '0', '', 2),
(572, 'o_1b5afrf7436d1fo813r21ooniu2a.jpg', '8533e970d1520102d7e78ad809fe0362', '36.99.168.73', '2016-12-31 21:07:21', '0', '', 2),
(573, 'o_1b5ag6odg19hmtpv1lhm138l1iogc.jpg', 'b03ee3213f9e2f9645f1729e98618cf8', '123.139.112.222', '2016-12-31 21:13:26', '0', '', 2),
(574, 'o_1b5ag9e0jr101pr01c754d91gara.png', '7b7d28c2b9b85729fdae086657f36948', '123.139.112.222', '2016-12-31 21:14:51', '0', '', 2),
(575, 'o_1b5pnq7fe175hh2r1cl41ba61i9oa.jpg', '7cc42401ecccf0506b4cf2a5ba108cb9', '113.113.121.166', '2017-01-06 19:14:59', '0', '', 2),
(576, 'o_1b5rtlt8c16ka14rt1vl7116318uoa.png', '7c7a37833e0d592418411c2eab467472', '60.24.88.26', '2017-01-07 15:36:55', '0', '', 2),
(577, 'o_1b68ovb4et411rrm1nch1d8l1t8sa.jpg', 'ec3a6ad2b5afa5fa3e1ac5a9066fd8d8', '113.142.129.120', '2017-01-12 15:23:51', '0', '', 2),
(578, 'o_1b69tbv5bjda1p9013sa1rm24a7a.png', '3a398509af44a09772b681b41678eaca', '1.198.204.210', '2017-01-13 02:08:24', '0', '', 2),
(579, 'o_1b6dulb3fkk61l51lhlijo1tpka.jpg', '2855e2ed07ee0f0047f7bb6d8481cf86', '183.0.172.90', '2017-01-14 15:39:26', '0', '', 2),
(580, 'o_1b6es9ebhotha8i13al1kkg4hla.png', '89a912d229be5b3136ec5e0ab05788cf', '182.133.250.12', '2017-01-15 00:16:34', '1', '', 2),
(581, 'o_1b6j0h7ucm8b1jb9m0a3ptkjfa.jpg', 'b8cb95d8300257227a77406880813de9', '14.120.84.184', '2017-01-16 14:48:21', '0', '', 2),
(582, 'o_1b6j0i9th827p2vqh01euak3ca.jpg', '1566df98d1c4e14b089325600778e5b4', '14.120.84.184', '2017-01-16 14:48:58', '0', '', 2),
(583, 'o_1b6l5fm4m1sqboqlbrlvcp89pa.jpg', '50e06bf360a05144e69ea5d3cc9371f9', '222.134.81.12', '2017-01-17 10:53:20', '0', '', 2),
(584, 'o_1b6m0mcpt6mr15mpt8f13vh9hga.png', '66fdfab83938ef3dfa9a1971e1209bd4', '123.162.46.34', '2017-01-17 18:49:00', '0', '', 2),
(585, 'o_1b6m2v77b1rup120jnjk6v5bora.jpg', 'f0c9254f93c385c6bd325faa9f00e25d', '113.142.143.66', '2017-01-17 19:28:41', '0', '', 2),
(586, 'o_1b6m346oqd316pptcl1q0boaka.jpg', 'f239ed759b3cb556e678bd018618ef9e', '113.142.143.66', '2017-01-17 19:31:23', '0', '', 2),
(587, 'o_1b6niqfmh1mfe6nk7poots1tnfa.jpg', '515a37fa6e776b09705e3db40274e291', '113.142.135.153', '2017-01-18 09:24:58', '0', '', 2),
(588, 'o_1b6nnosa7dnth5elq31e48pta.jpg', '78c1d3dd3e808f80f02530550e842254', '113.142.135.153', '2017-01-18 10:51:27', '0', '', 2),
(589, 'o_1b6no3jca15b61rr5aadgvd10qga.jpg', 'b31e682c130360d03c2eea80e2771411', '113.142.135.153', '2017-01-18 10:57:17', '0', '', 2),
(590, 'o_1b6np1jjv1qgi1qqqgrv1uqhuuda.png', 'd0d29a333fedb3d845292b07d99293b7', '58.20.156.166', '2017-01-18 11:13:41', '0', '', 2),
(591, 'o_1b6o8c5fv1lttvnn1m5t1tb31sqha.jpg', 'cda7e5e9e5beaeee49e7e07f459f6a3e', '113.142.135.153', '2017-01-18 15:41:36', '0', '', 2),
(592, 'o_1b6o8eass17tv1s8u8i9vv41enia.jpg', 'be05be022947df350cefa6d8c16ab79b', '113.142.135.153', '2017-01-18 15:42:52', '0', '', 2),
(593, 'o_1b6o8ek0r1o0816sujlmu2p19gba.jpg', '4aa531493067a4069355a6bec1f2f02f', '113.142.135.153', '2017-01-18 15:42:56', '0', '', 2),
(594, 'o_1b6oe0unr1inm1gmdg2pu24lnba.png', '4c889e7edd7995282e97f6c34a41e2ff', '111.148.4.97', '2017-01-18 17:20:20', '0', '', 2),
(595, 'o_1b6q60prp7dkmn29tm1r9ktdia.png', 'c13d151346cc304e7b8827f5e41c9a5d', '58.20.156.164', '2017-01-19 09:39:00', '0', '', 2),
(596, 'o_1b6qgjouffi91tbl11diin2cn9a.jpg', 'd55383a86e0b5cab0f913d4504f5bd0b', '223.104.11.108', '2017-01-19 12:44:08', '0', '', 2),
(597, 'o_1b6qqqab6jnm1c7lorc1ds4l40a.png', '46c55ac63f82f04361d4b935b63f3d16', '58.20.156.166', '2017-01-19 15:42:25', '0', '', 2),
(598, 'o_1b6qskpg1vt2nl81fqcmov730a.png', '3fbda37171c76f2469a0616de643082c', '111.148.4.97', '2017-01-19 16:14:19', '0', '', 2),
(599, 'o_1b6qt69i92si2bth75eo11uega.png', 'db9a50c7d8c59dcda8802438f617d366', '111.148.4.97', '2017-01-19 16:23:57', '0', '', 2),
(600, 'o_1b6r9cdv31qg01o751mok1ahj1b8ka.jpg', 'b3efec9f8374b76cca0845f01a9f0f3a', '113.142.134.232', '2017-01-19 19:56:57', '0', '', 2),
(601, 'o_1b6tna8sv1qcp1kscco6kau22va.jpg', 'afbb13c182eea68318a48482a0269c4d', '111.148.5.31', '2017-01-20 18:38:00', '0', '', 2),
(602, 'o_1b6tnaufk13911j2b18s61vciepra.jpg', '787f5058418542ff3dcce2ffb5502c0a', '111.148.5.31', '2017-01-20 18:38:16', '0', '', 2),
(603, 'o_1b6vr4m061qc01hiuc518e0l2fa.jpg', 'd0fdce01b17a8fd0c5edb3dfb67d3c16', '39.82.203.52', '2017-01-21 14:24:14', '0', '', 2),
(604, 'o_1b704eoqe16u1r0tqsh1vth10dla.jpg', '73a2b8eefd87cd2b33a342f853021339', '101.66.228.88', '2017-01-21 17:07:10', '0', '', 2),
(605, 'o_1b704fb17tup185t1kbh1r31v1oa.jpg', 'f914713a1af7b67260113756baa9596f', '101.66.228.88', '2017-01-21 17:07:28', '0', '', 2),
(606, 'o_1b704fp35k17fn4ht3eec1uc1a.jpg', 'ceb4e4c06f111997d1d6900afd41e854', '101.66.228.88', '2017-01-21 17:07:47', '0', '', 2),
(607, 'o_1b753sfcv3271g42h421gbk193na.jpg', '5169e6222bda34951873c4944d9a0477', '223.104.11.101', '2017-01-23 15:33:22', '0', '', 2),
(608, 'o_1b75mnhch1aa11ojqlr2c1g4a.png', 'eccd0170d5b5b2aa5d366617c8c8077e', '36.99.168.247', '2017-01-23 21:02:45', '0', '', 2),
(609, 'o_1b75o0jee66are150l19j4hh3a.png', '36d81bd5134d23deba51150579e3df7e', '36.99.168.247', '2017-01-23 21:25:14', '0', '', 2),
(610, 'o_1b75o3il017gtee51n1631o1j51a.png', '56de2a11f26d51b84704b4433435e09f', '36.99.168.247', '2017-01-23 21:26:51', '0', '', 2),
(611, 'o_1b75oa81lsi11tt6cpgom112bhf.jpg', '11d2e0d10cbeec808471405c92ec67cc', '36.99.168.247', '2017-01-23 21:30:25', '0', '', 2),
(612, 'o_1b75osj3r194t1m47ptpoof3b9f.png', '29f23aa4c2657bb790a7ca92a8f22010', '36.99.168.247', '2017-01-23 21:40:28', '0', '', 2),
(613, 'o_1b75p7h3e15391nbp1bpv2je1frqa.png', 'f062a9b66f67e5399ae502e0f2b041a5', '36.99.168.247', '2017-01-23 21:46:27', '0', '', 2),
(614, 'o_1b75pe9c2s5bl39o4a157i137oa.png', '61cf80bb098ce5ceca5badbffc12adae', '36.99.168.247', '2017-01-23 21:50:06', '0', '', 2),
(615, 'o_1b75pkdc5eq0dem1di095t1aapa.png', 'a37f2d017a7bf94bdd36150f77779ca6', '36.99.168.247', '2017-01-23 21:53:43', '0', '', 2),
(616, 'o_1b75rn5eqsj51n8o1thm1j061m5ua.gif', 'de6c3209efd8b97201f7a6f9ba4f362d', '36.99.168.247', '2017-01-23 22:29:56', '0', '', 2),
(617, 'o_1b77ckucaqeupir1uhqv8jurff.png', '923dc33cb634cd3f763ae2e16a75a925', '36.99.168.247', '2017-01-24 12:45:02', '0', '', 2),
(618, 'o_1b77clilqbqqe2u1ubavbq1kbna.png', '3b02596af749efbc67f927fd576ca71b', '36.99.168.247', '2017-01-24 12:45:27', '0', '', 2),
(619, 'o_1b77cnri114uv1roh1jj91rqgcsnf.png', 'f8fc73a4a0cf6479fd870302a43cb49c', '36.99.168.247', '2017-01-24 12:46:42', '0', '', 2),
(620, 'o_1b77comno1vfkffk1op310k2967a.png', '219d3d2f4d1a842de8c546f1acf144b6', '36.99.168.247', '2017-01-24 12:47:07', '0', '', 2),
(621, 'o_1b77cpjv11at71tptnus1onqh1pa.png', 'd08e9aeb3b4408c626113d1a81c969a5', '36.99.168.247', '2017-01-24 12:47:35', '0', '', 2),
(622, 'o_1b77cq85n1h7gvkq1e2q1tbv1btma.png', '1e0bbd10e033b8caa30f867e0781bd72', '36.99.168.247', '2017-01-24 12:47:55', '0', '', 2),
(623, 'o_1b77djvph3u4rar1orfu1koqoa.png', 'f36087c2027ab9d25119bf6caf58d77f', '36.99.168.247', '2017-01-24 13:02:02', '0', '', 2),
(624, 'o_1b7808tm31eva1i4u1og3r791g2ca.png', 'e374adf829c65834af681a639e5a5e46', '36.99.168.247', '2017-01-24 18:28:04', '0', '', 2),
(625, 'o_1b78d1mis1p18kui1bo113rt1era.png', 'f1dfc34580c7307063c60c75818a34de', '36.99.168.247', '2017-01-24 22:11:16', '0', '', 2),
(626, 'o_1b77f01s91pf7l883cehttncqa.jpg', '2af73e6e01fb11417db206486e183fb0', '39.188.255.203', '2017-01-25 13:26:28', '0', '', 2),
(627, 'o_1b7brbpthispl8k6f711uo6jaa.png', '48d71cdfa68b2c201731a100d0fc87ac', '222.89.241.77,180.163.113.105', '2017-01-26 06:18:59', '0', '', 2),
(628, 'o_1b7c2ffqo1mv21he01d7trsa8c5a.jpg', 'd7e8a38d1c9a3c0e942f298f010e6d72', '222.217.211.33', '2017-01-26 08:23:13', '0', '', 2),
(629, 'o_1b7d1v0ga2au1v6l1kiphf03upa.png', '28b760eeecddcfc63d7dd22952e5c477', '223.74.242.78', '2017-01-26 17:33:00', '0', '', 2),
(630, 'o_1b7d2re3h1dhh1qj41s0mr8r1n2qa.png', '4dedf7dca7800a1cf2931bfb14971be8', '223.74.242.78', '2017-01-26 17:48:31', '0', '', 2),
(631, 'o_1b7fsmkni1olk9th1cjd10u01504a.jpg', 'bf78f897c148c8449876659facb5fdcd', '106.42.244.93', '2017-01-27 19:59:34', '0', '', 2),
(632, 'o_1b7ghl0co1301dfrfbh1m6n1o1oa.gif', 'bccd4dcf500d42c573746d02a8c89b7c', '1.207.54.139', '2017-01-28 02:07:28', '0', '', 2),
(633, 'o_1b7iui1dbs4q1r901khmddlecca.jpg', '2ae854e3313f07147ca8ef97ca5f0ded', '124.231.43.102', '2017-01-29 00:29:33', '0', '', 2),
(634, 'o_1b7rqad0r1kikib11ahm8cjc27a.jpg', '29706566f77fee0c07ea51ea8a49cb3b', '116.253.45.33', '2017-02-01 11:08:37', '0', '', 2),
(635, 'o_1b7rqfkkmijc4k61shi1m5a1tfta.jpg', '07ca65cdc66685409823e9314e052850', '116.253.45.33', '2017-02-01 11:11:29', '0', '', 2),
(636, 'o_1b7rqkkus1bq91lhbsa01ala293c.png', '80b89ad70f59d41762906f7eaab56eb5', '110.189.128.44', '2017-02-01 11:14:31', '0', '', 2),
(637, 'o_1b7s6j79s1lad1dhagp81vaeffta.png', 'fcb54e9cbf335a294b27ec71a42c286b', '123.162.52.151', '2017-02-01 14:43:26', '0', '', 2),
(638, 'o_1b7t1v90q4vr75d1o1gev41d3pa.jpg', '917836f9639ff3ad38264163fa5e00ea', '60.191.142.140', '2017-02-01 22:41:34', '0', '', 2),
(639, 'o_1b7t5i4ig10pc19r015e382417jba.png', '29b53c1556c9db771a068d521af73fae', '61.158.171.105', '2017-02-01 23:44:18', '0', '', 2),
(640, 'o_1b7v8s885199d1h6c1is61515h2ia.jpg', 'eb1eec3b0693f927e150a354c5b24f97', '1.196.95.149', '2017-02-02 19:21:04', '0', '', 2),
(641, 'o_1b7v90riiamv11egqpb1sq91oq6a.jpg', 'e8b1304c48cc0a448b357974ef2fb473', '1.196.95.149', '2017-02-02 19:23:37', '0', '', 2),
(642, 'o_1b7v940o6l1ecdv1c9qlo8350a.png', '52449df46074094e82d5e38ffc752b42', '1.196.95.149', '2017-02-02 19:25:19', '0', '', 2),
(643, 'o_1b7v9g6j75lsgcc1fmm1n3a1pgba.jpg', 'ec24a8b6c13bb707c1bf63ddc3def452', '1.196.95.149', '2017-02-02 19:32:03', '0', '', 2),
(644, 'o_1b7v9huub1u4l1s9u9rld551hu0a.jpg', 'dd48d373cc8ecfcdfadb0f54a43ba942', '1.196.95.149', '2017-02-02 19:32:57', '0', '', 2),
(645, 'o_1b7vakbi01u23v30evr12ghk1sa.jpg', '8bc1393d1590f86aa101e6aaa95ed7da', '1.196.95.149', '2017-02-02 19:51:42', '0', '', 2),
(646, 'o_1b7vapi4hp8ejcq13vp22n11nta.jpg', '4fc63309046b181d1e8c6e9ffae07922', '1.196.95.149', '2017-02-02 19:54:35', '0', '', 2),
(647, 'o_1b7vbgogsbod1mb211rr5581tbla.png', '2d69962dc9ecddf10e1acd8b2c4ef0c7', '1.196.95.149', '2017-02-02 20:07:14', '0', '', 2),
(648, 'o_1b8b5qesd1bc8op71uffqgfp4ca.jpg', 'fed483b5e7e44ff05ccafc14b38e2e11', '14.28.15.188,14.17.37.69', '2017-02-07 10:18:29', '1', '', 2),
(649, 'o_1b8bodm1r3trbq31bmpt7n1pgja.jpg', 'b7c111b08f4fe04c5ef82973fd578ed3', '218.69.105.70', '2017-02-07 15:43:00', '0', '', 2),
(650, 'o_1b8ejervm1ged1bl218ns166n1kj3a.gif', 'f05df355be45b74a069854fab5f51767', '223.74.242.25', '2017-02-08 18:13:30', '0', '', 2),
(651, 'o_1blgpgtnj1fv21e7f1qbv1ggr1oja.png', 'e0ca9570bd1befe894783d8757fe04cb', '106.46.100.47', '2017-07-21 04:02:48', '0', '', 2),
(652, 'o_1blgpj0dlnjdsovh3c1uid17toa.jpg', 'd869eb5a4301eaff9c4b7e1f30680a49', '106.46.100.47', '2017-07-21 04:03:56', '0', '', 5),
(653, 'f_20193678.jpg', '7cb50c9b0281f6f7669edf88316e099f', '106.46.100.47', '2017-07-21 04:06:35', '0', '', 1),
(654, 'f_94284909.jpg', '2b045ee8cf980c54b666e606677db24b', '183.38.52.229', '2017-07-21 17:50:35', '0', '', 1),
(655, 'f_61644480.jpg', '27c6fa48465986f36773e64e08e731c4', '113.200.204.245,123.151.42.49', '2017-07-21 18:07:19', '0', '', 1),
(656, 'f_94346201.jpg', 'c45a6b5a3670fe46dc0b226258270125', '113.124.245.194', '2017-07-21 21:16:10', '0', '', 1),
(657, 'f_63064255.jpg', '34592e0fca88374f363621b3de0ccd46', '117.15.190.231', '2017-07-24 10:09:45', '0', '', 1),
(658, 'f_68522782.jpg', '5a380dff1d1f35b8ebda241e4b92d3b7', '222.86.240.18', '2017-07-27 18:45:15', '0', '', 1),
(659, 'f_46054263.png', '1c6aca9af66950a962b8743aaa61bc88', '183.30.181.10', '2017-07-31 02:13:48', '0', '', 1),
(660, 'f_32597789.png', 'bcb923059692ee66c6fca297eea24db0', '106.46.100.12', '2017-07-31 03:54:27', '0', '', 1),
(661, 'f_97354064.jpg', '86bdc576dbbcc484132bd621fb546f18', '113.14.122.86,183.61.38.55', '2017-08-01 08:40:35', '0', '', 1),
(662, 'f_96195126.jpg', 'af7212aebf65fc00947adc3547648309', '183.47.202.24', '2017-08-01 10:14:11', '0', '', 1),
(663, 'f_43088375.jpg', '187d9886c7267a5326b890e1550dd117', '111.10.130.55', '2017-08-04 16:28:26', '0', '', 1),
(664, 'f_88122975.jpg', '20d9ffe64c57c54bb6feeffd54357a8d', '122.188.203.28', '2017-08-08 21:20:56', '0', '', 1);

-- --------------------------------------------------------

--
-- 表的结构 `sd_policy`
--

CREATE TABLE IF NOT EXISTS `sd_policy` (
  `id` int(1) NOT NULL,
  `p_name` text COLLATE utf8_bin NOT NULL,
  `p_type` text COLLATE utf8_bin NOT NULL,
  `p_server` text COLLATE utf8_bin NOT NULL,
  `p_bucketname` text COLLATE utf8_bin NOT NULL,
  `p_url` text COLLATE utf8_bin NOT NULL,
  `p_ak` text COLLATE utf8_bin NOT NULL,
  `p_sk` text COLLATE utf8_bin NOT NULL,
  `p_op_name` text COLLATE utf8_bin NOT NULL,
  `p_op_pwd` text COLLATE utf8_bin NOT NULL,
  `p_filetype` text COLLATE utf8_bin NOT NULL,
  `p_mimetype` text COLLATE utf8_bin NOT NULL,
  `p_size` text COLLATE utf8_bin NOT NULL,
  `p_autoname` text COLLATE utf8_bin NOT NULL,
  `p_dir` text COLLATE utf8_bin NOT NULL,
  `p_namerule` text COLLATE utf8_bin NOT NULL
) ENGINE=MyISAM AUTO_INCREMENT=6 DEFAULT CHARSET=utf8 COLLATE=utf8_bin;

--
-- 转存表中的数据 `sd_policy`
--

INSERT INTO `sd_policy` (`id`, `p_name`, `p_type`, `p_server`, `p_bucketname`, `p_url`, `p_ak`, `p_sk`, `p_op_name`, `p_op_pwd`, `p_filetype`, `p_mimetype`, `p_size`, `p_autoname`, `p_dir`, `p_namerule`) VALUES
(1, '默认方案-本地', 'local', '-', '-', 'http://tu.xiaojiayl.com/u/', '-', '-', '-', '-', 'jpg,png,rar,dll,mp3,wav,flv', '*', '1048576', 'true', 'u', 'f_{rand8}'),
(2, '七牛', 'qiniu', 'https:///', 'qq1532196027', 'http://qq1532196027.qiniudn.com/', 'ysBaT_VoiwJtjThYpUs-GURhy9JJW2ZPn95DFJyP', 'G5E6pYxKK6i3bNFvUBIqUlBrzqkkTobOwjIzCumx', '', '', 'jpg,png,gif,ico', '', '3048576', 'true', '', ''),
(5, '七牛2', 'qiniu', 'https:///', 'xiaojiayl', 'http://ocfwddbg7.bkt.clouddn.com/', 'Iea632FH_YyYv7oeW5g9hxSK5izGb2PfHjCCcBtn', 'VykJS2LGdcnCYun1MiSZfDzJg6EmPUUaQ2oqfPdC', '', '', 'jpg,png,gif,mp3,flv,rar,zip,flv', '', '0', 'true', '', '');

-- --------------------------------------------------------

--
-- 表的结构 `sd_setting`
--

CREATE TABLE IF NOT EXISTS `sd_setting` (
  `id` int(1) NOT NULL,
  `main_tit` text COLLATE utf8_bin NOT NULL,
  `tit_2` text COLLATE utf8_bin NOT NULL,
  `keyword` text COLLATE utf8_bin NOT NULL,
  `desword` text COLLATE utf8_bin NOT NULL,
  `kjming` text COLLATE utf8_bin NOT NULL,
  `ak` text COLLATE utf8_bin NOT NULL,
  `sk` text COLLATE utf8_bin NOT NULL,
  `kjurl` text COLLATE utf8_bin NOT NULL,
  `zzurl` text COLLATE utf8_bin NOT NULL,
  `admin_name` text COLLATE utf8_bin NOT NULL,
  `admin_password` text COLLATE utf8_bin NOT NULL,
  `theme` text COLLATE utf8_bin NOT NULL,
  `upload_minetype` text COLLATE utf8_bin NOT NULL,
  `upload_size` text COLLATE utf8_bin NOT NULL,
  `upload_fpsize` text COLLATE utf8_bin NOT NULL,
  `autoname` text COLLATE utf8_bin NOT NULL,
  `tjcode` text COLLATE utf8_bin NOT NULL,
  `morelimt` text COLLATE utf8_bin NOT NULL,
  `leixing` text COLLATE utf8_bin NOT NULL,
  `daxiao` text COLLATE utf8_bin NOT NULL,
  `share` text COLLATE utf8_bin NOT NULL,
  `version` text COLLATE utf8_bin NOT NULL,
  `notice` text COLLATE utf8_bin NOT NULL
) ENGINE=MyISAM DEFAULT CHARSET=utf8 COLLATE=utf8_bin;

--
-- 转存表中的数据 `sd_setting`
--

INSERT INTO `sd_setting` (`id`, `main_tit`, `tit_2`, `keyword`, `desword`, `kjming`, `ak`, `sk`, `kjurl`, `zzurl`, `admin_name`, `admin_password`, `theme`, `upload_minetype`, `upload_size`, `upload_fpsize`, `autoname`, `tjcode`, `morelimt`, `leixing`, `daxiao`, `share`, `version`, `notice`) VALUES
(0, '免费上传图片', '小佳娱乐网 www.xiaojiayl.com-免费高速外链平台 免费外链, 免费图床, QQ空间背景音乐, QQ空间背景音乐外链, 图片外链 小刀娱乐网 小K娱乐网', '免费上传图片 - 小佳娱乐网 www.xiaojiayl.com 小刀娱乐网 小K娱乐网 免费高速外链平台 免费外链, 免费图床, QQ空间背景音乐, QQ空间背景音乐外链, 图片外链', '免费上传图片 - 小佳娱乐网 www.xiaojiayl.com 小刀娱乐网 小K娱乐网 免费高速外链平台 免费外链, 免费图床, QQ空间背景音乐, QQ空间背景音乐外链, 图片外链', '-', '-', '-', '-', 'http://tu.xiaojiayl.com/', 'admin', '-', 'material', '-', '-', '-', '-', '<script type="text/javascript">var cnzz_protocol = (("https:" == document.location.protocol) ? " https://" : " http://");document.write(unescape("%3Cspan id=''cnzz_stat_icon_1254507377''%3E%3C/span%3E%3Cscript src=''" + cnzz_protocol + "s4.cnzz.com/z_stat.php%3Fid%3D1254507377%26online%3D1%26show%3Dline'' type=''text/javascript''%3E%3C/script%3E"));</script>', '-', '-', '-', 'true', '2.4 Alpha|12|12', 'qq353535611');

-- --------------------------------------------------------

--
-- 表的结构 `sd_ss`
--

CREATE TABLE IF NOT EXISTS `sd_ss` (
  `id` int(11) NOT NULL,
  `sskey` text CHARACTER SET utf8 NOT NULL,
  `fname` text CHARACTER SET utf8 NOT NULL,
  `filekey` text CHARACTER SET utf8 NOT NULL,
  `sstime` text CHARACTER SET utf8 NOT NULL,
  `downloadnum` text CHARACTER SET utf8 NOT NULL,
  `cuser` text CHARACTER SET utf8 NOT NULL
) ENGINE=MyISAM AUTO_INCREMENT=6 DEFAULT CHARSET=utf8 COLLATE=utf8_bin;

--
-- 转存表中的数据 `sd_ss`
--

INSERT INTO `sd_ss` (`id`, `sskey`, `fname`, `filekey`, `sstime`, `downloadnum`, `cuser`) VALUES
(1, '2f74a', '1212', 'fe44adb54234914b66306564f11d2a8f', '2016-07-29 08:12:54', '1', ''),
(2, 'f4770', '需要业务+1311971998', '62a40ca93ac1e76ebf40251e166d6cc4', '2016-08-20 13:39:05', '1', ''),
(3, '3f617', '周瑞', '17062b60c98eccb83a0edd77e0c5ea25', '2016-08-22 09:27:50', '1', ''),
(4, 'c6b70', 'bb', '39d7daacf4f503ea167cc7f9233a8e35', '2016-10-31 15:05:27', '1', ''),
(5, 'fd1a7', '刘根源', 'f0e0aeec8a34257536f8b2fb29920b38', '2016-12-31 20:04:43', '2', '7');

-- --------------------------------------------------------

--
-- 表的结构 `sd_sskey`
--

CREATE TABLE IF NOT EXISTS `sd_sskey` (
  `id` int(11) NOT NULL,
  `sskey` text CHARACTER SET utf8 NOT NULL,
  `filekey` text CHARACTER SET utf8 NOT NULL,
  `passwd` text CHARACTER SET utf8 NOT NULL,
  `sstime` text CHARACTER SET utf8 NOT NULL,
  `downloadnum` text CHARACTER SET utf8 NOT NULL,
  `fname` text CHARACTER SET utf8 NOT NULL,
  `cuser` text CHARACTER SET utf8 NOT NULL
) ENGINE=MyISAM DEFAULT CHARSET=utf8 COLLATE=utf8_bin;

-- --------------------------------------------------------

--
-- 表的结构 `sd_user`
--

CREATE TABLE IF NOT EXISTS `sd_user` (
  `id` int(11) NOT NULL,
  `username` text CHARACTER SET utf8 NOT NULL,
  `pwd` text CHARACTER SET utf8 NOT NULL
) ENGINE=MyISAM AUTO_INCREMENT=7 DEFAULT CHARSET=utf8 COLLATE=utf8_bin;

--
-- 转存表中的数据 `sd_user`
--

INSERT INTO `sd_user` (`id`, `username`, `pwd`) VALUES
(1, 'xiaojia', '8bba62dd9d3737eb7eae0d7b4ec84a3a');

-- --------------------------------------------------------

--
-- 表的结构 `sd_usergroup`
--

CREATE TABLE IF NOT EXISTS `sd_usergroup` (
  `id` int(11) NOT NULL,
  `gname` text COLLATE utf8_bin NOT NULL,
  `addtime` text COLLATE utf8_bin NOT NULL,
  `policyid` text COLLATE utf8_bin NOT NULL
) ENGINE=MyISAM AUTO_INCREMENT=3 DEFAULT CHARSET=utf8 COLLATE=utf8_bin;

--
-- 转存表中的数据 `sd_usergroup`
--

INSERT INTO `sd_usergroup` (`id`, `gname`, `addtime`, `policyid`) VALUES
(1, '游客', '-', '1'),
(2, '注册会员', '-', '1');

-- --------------------------------------------------------

--
-- 表的结构 `sd_users`
--

CREATE TABLE IF NOT EXISTS `sd_users` (
  `uid` int(11) NOT NULL,
  `username` text COLLATE utf8_bin NOT NULL,
  `pwd` text COLLATE utf8_bin NOT NULL,
  `group` text COLLATE utf8_bin NOT NULL,
  `regtime` text COLLATE utf8_bin NOT NULL,
  `policy` text COLLATE utf8_bin NOT NULL,
  `grade` int(11) NOT NULL
) ENGINE=MyISAM AUTO_INCREMENT=10 DEFAULT CHARSET=utf8 COLLATE=utf8_bin;

--
-- 转存表中的数据 `sd_users`
--

INSERT INTO `sd_users` (`uid`, `username`, `pwd`, `group`, `regtime`, `policy`, `grade`) VALUES
(1, '666666@qq.com', '32c9a23af6bc71f58742b7f1d57222d9', '2', '2016-08-11 10:09:15', '-', 0),
(2, '546544564@qq.com', '32c9a23af6bc71f58742b7f1d57222d9', '2', '2016-08-11 10:09:46', '-', 0),
(3, '80809621@qq.com', '32c9a23af6bc71f58742b7f1d57222d9', '2', '2016-08-11 10:10:27', '-', 0),
(4, '1658593576@qq.com', '00c707cd896bb1b272d54911d7d4dda8', '2', '2016-08-14 03:37:22', '-', 0),
(5, '706810837@qq.com', 'f6a0ad62dc084deb4c5d955c10326723', '2', '2016-08-23 15:03:25', '-', 0),
(6, '45212258@qq.com', '2d50272044bd3b4dfafee756181e1788', '2', '2016-10-07 07:00:11', '-', 0),
(7, '910088726@qq.com', '42137047a04e61f870fa91187fc85f98', '2', '2016-12-31 12:03:14', '-', 0),
(8, '1433372466@qq.com', '93b56ef588652dd9c06c898a0ab4a2de', '2', '2017-01-11 04:52:56', '-', 0),
(9, '84583728@qq.com', '76ad5c29162c90cf27ea3d2a3dd13469', '2', '2017-01-22 11:05:21', '-', 0);

--
-- Indexes for dumped tables
--

--
-- Indexes for table `sd_file`
--
ALTER TABLE `sd_file`
  ADD PRIMARY KEY (`id`),
  ADD KEY `id` (`id`),
  ADD KEY `id_2` (`id`),
  ADD KEY `id_3` (`id`);

--
-- Indexes for table `sd_policy`
--
ALTER TABLE `sd_policy`
  ADD PRIMARY KEY (`id`),
  ADD UNIQUE KEY `id_4` (`id`),
  ADD KEY `id` (`id`),
  ADD KEY `id_2` (`id`),
  ADD KEY `id_3` (`id`);

--
-- Indexes for table `sd_setting`
--
ALTER TABLE `sd_setting`
  ADD PRIMARY KEY (`id`);

--
-- Indexes for table `sd_ss`
--
ALTER TABLE `sd_ss`
  ADD PRIMARY KEY (`id`);

--
-- Indexes for table `sd_sskey`
--
ALTER TABLE `sd_sskey`
  ADD PRIMARY KEY (`id`);

--
-- Indexes for table `sd_user`
--
ALTER TABLE `sd_user`
  ADD PRIMARY KEY (`id`);

--
-- Indexes for table `sd_usergroup`
--
ALTER TABLE `sd_usergroup`
  ADD PRIMARY KEY (`id`);

--
-- Indexes for table `sd_users`
--
ALTER TABLE `sd_users`
  ADD PRIMARY KEY (`uid`);

--
-- AUTO_INCREMENT for dumped tables
--

--
-- AUTO_INCREMENT for table `sd_file`
--
ALTER TABLE `sd_file`
  MODIFY `id` int(11) NOT NULL AUTO_INCREMENT,AUTO_INCREMENT=665;
--
-- AUTO_INCREMENT for table `sd_policy`
--
ALTER TABLE `sd_policy`
  MODIFY `id` int(1) NOT NULL AUTO_INCREMENT,AUTO_INCREMENT=6;
--
-- AUTO_INCREMENT for table `sd_ss`
--
ALTER TABLE `sd_ss`
  MODIFY `id` int(11) NOT NULL AUTO_INCREMENT,AUTO_INCREMENT=6;
--
-- AUTO_INCREMENT for table `sd_sskey`
--
ALTER TABLE `sd_sskey`
  MODIFY `id` int(11) NOT NULL AUTO_INCREMENT;
--
-- AUTO_INCREMENT for table `sd_user`
--
ALTER TABLE `sd_user`
  MODIFY `id` int(11) NOT NULL AUTO_INCREMENT,AUTO_INCREMENT=7;
--
-- AUTO_INCREMENT for table `sd_usergroup`
--
ALTER TABLE `sd_usergroup`
  MODIFY `id` int(11) NOT NULL AUTO_INCREMENT,AUTO_INCREMENT=3;
--
-- AUTO_INCREMENT for table `sd_users`
--
ALTER TABLE `sd_users`
  MODIFY `uid` int(11) NOT NULL AUTO_INCREMENT,AUTO_INCREMENT=10;
/*!40101 SET CHARACTER_SET_CLIENT=@OLD_CHARACTER_SET_CLIENT */;
/*!40101 SET CHARACTER_SET_RESULTS=@OLD_CHARACTER_SET_RESULTS */;
/*!40101 SET COLLATION_CONNECTION=@OLD_COLLATION_CONNECTION */;
